order_id,date,item_name,item_type,item_price,quantity,transaction_amount,transaction_type,received_by,time_of_sale,year,month,day_of_week,month_name
1,2022-07-03,Aalopuri,Fastfood,20,13,260,Unknown,Mr.,Night,2022,7,Sunday,July
2,2022-08-23,Vadapav,Fastfood,20,15,300,Cash,Mr.,Afternoon,2022,8,Tuesday,August
3,2022-11-20,Vadapav,Fastfood,20,1,20,Cash,Mr.,Afternoon,2022,11,Sunday,November
4,2023-02-03,Sugarcane juice,Beverages,25,6,150,Online,Mr.,Night,2023,2,Friday,February
5,2022-10-02,Sugarcane juice,Beverages,25,8,200,Online,Mr.,Evening,2022,10,Sunday,October
6,2022-11-14,Vadapav,Fastfood,20,10,200,Cash,Mr.,Evening,2022,11,Monday,November
7,2022-05-03,Sugarcane juice,Beverages,25,9,225,Cash,Mr.,Evening,2022,5,Tuesday,May
8,2022-12-22,Panipuri,Fastfood,20,14,280,Online,Mr.,Night,2022,12,Thursday,December
9,2022-06-10,Panipuri,Fastfood,20,1,20,Cash,Mrs.,Morning,2022,6,Friday,June
10,2022-09-16,Panipuri,Fastfood,20,5,100,Online,Mr.,Afternoon,2022,9,Friday,September
11,2022-12-01,Frankie,Fastfood,50,8,400,Online,Mrs.,Afternoon,2022,12,Thursday,December
12,2022-07-12,Vadapav,Fastfood,20,8,160,Online,Mrs.,Night,2022,7,Tuesday,July
13,2022-12-22,Panipuri,Fastfood,20,9,180,Online,Mrs.,Afternoon,2022,12,Thursday,December
14,2022-11-25,Frankie,Fastfood,50,4,200,Online,Mr.,Morning,2022,11,Friday,November
15,2023-02-03,Aalopuri,Fastfood,20,3,60,Cash,Mrs.,Evening,2023,2,Friday,February
16,2022-04-14,Sandwich,Fastfood,60,11,660,Unknown,Mrs.,Midnight,2022,4,Thursday,April
17,2022-10-16,Panipuri,Fastfood,20,11,220,Cash,Mrs.,Morning,2022,10,Sunday,October
18,2022-11-05,Panipuri,Fastfood,20,10,200,Cash,Mrs.,Night,2022,11,Saturday,November
19,2022-08-22,Panipuri,Fastfood,20,11,220,Cash,Mrs.,Night,2022,8,Monday,August
20,2022-09-15,Cold coffee,Beverages,40,10,400,Online,Mr.,Night,2022,9,Thursday,September
21,2022-12-21,Cold coffee,Beverages,40,15,600,Cash,Mr.,Evening,2022,12,Wednesday,December
22,2022-10-04,Sugarcane juice,Beverages,25,12,300,Online,Mr.,Evening,2022,10,Tuesday,October
23,2022-05-26,Sandwich,Fastfood,60,3,180,Online,Mr.,Midnight,2022,5,Thursday,May
24,2023-02-11,Sugarcane juice,Beverages,25,10,250,Online,Mr.,Afternoon,2023,2,Saturday,February
25,2022-08-31,Sandwich,Fastfood,60,1,60,Online,Mrs.,Evening,2022,8,Wednesday,August
26,2022-08-18,Sugarcane juice,Beverages,25,4,100,Cash,Mr.,Afternoon,2022,8,Thursday,August
27,2022-10-12,Cold coffee,Beverages,40,11,440,Online,Mrs.,Afternoon,2022,10,Wednesday,October
28,2023-01-06,Cold coffee,Beverages,40,10,400,Online,Mrs.,Afternoon,2023,1,Friday,January
29,2023-02-10,Sugarcane juice,Beverages,25,9,225,Online,Mr.,Afternoon,2023,2,Friday,February
30,2023-01-28,Frankie,Fastfood,50,2,100,Cash,Mrs.,Night,2023,1,Saturday,January
31,2022-09-14,Cold coffee,Beverages,40,13,520,Online,Mrs.,Evening,2022,9,Wednesday,September
32,2022-05-06,Aalopuri,Fastfood,20,4,80,Unknown,Mr.,Morning,2022,5,Friday,May
33,2023-02-05,Aalopuri,Fastfood,20,13,260,Online,Mr.,Night,2023,2,Sunday,February
34,2023-02-04,Frankie,Fastfood,50,12,600,Online,Mrs.,Evening,2023,2,Saturday,February
35,2022-05-22,Vadapav,Fastfood,20,8,160,Cash,Mr.,Morning,2022,5,Sunday,May
36,2022-07-02,Cold coffee,Beverages,40,10,400,Online,Mr.,Afternoon,2022,7,Saturday,July
37,2023-01-05,Frankie,Fastfood,50,10,500,Cash,Mr.,Night,2023,1,Thursday,January
38,2023-03-08,Panipuri,Fastfood,20,12,240,Online,Mrs.,Night,2023,3,Wednesday,March
39,2022-05-14,Vadapav,Fastfood,20,2,40,Online,Mr.,Evening,2022,5,Saturday,May
40,2023-02-05,Sandwich,Fastfood,60,5,300,Online,Mrs.,Night,2023,2,Sunday,February
41,2022-11-13,Cold coffee,Beverages,40,11,440,Unknown,Mr.,Afternoon,2022,11,Sunday,November
42,2022-05-09,Aalopuri,Fastfood,20,8,160,Online,Mrs.,Night,2022,5,Monday,May
43,2022-05-26,Vadapav,Fastfood,20,1,20,Cash,Mr.,Night,2022,5,Thursday,May
44,2022-08-28,Cold coffee,Beverages,40,12,480,Cash,Mr.,Evening,2022,8,Sunday,August
45,2022-08-15,Sugarcane juice,Beverages,25,6,150,Cash,Mrs.,Afternoon,2022,8,Monday,August
46,2022-05-07,Vadapav,Fastfood,20,7,140,Cash,Mr.,Evening,2022,5,Saturday,May
47,2022-07-10,Sandwich,Fastfood,60,7,420,Unknown,Mr.,Morning,2022,7,Sunday,July
48,2023-02-23,Sandwich,Fastfood,60,14,840,Online,Mr.,Afternoon,2023,2,Thursday,February
49,2022-11-06,Frankie,Fastfood,50,4,200,Online,Mrs.,Morning,2022,11,Sunday,November
50,2022-11-02,Vadapav,Fastfood,20,8,160,Cash,Mrs.,Midnight,2022,11,Wednesday,November
51,2022-05-16,Frankie,Fastfood,50,15,750,Online,Mrs.,Morning,2022,5,Monday,May
52,2023-03-16,Sugarcane juice,Beverages,25,12,300,Cash,Mrs.,Midnight,2023,3,Thursday,March
53,2022-07-26,Aalopuri,Fastfood,20,13,260,Cash,Mr.,Afternoon,2022,7,Tuesday,July
54,2022-12-28,Panipuri,Fastfood,20,14,280,Online,Mrs.,Morning,2022,12,Wednesday,December
55,2022-05-07,Sandwich,Fastfood,60,10,600,Cash,Mr.,Night,2022,5,Saturday,May
56,2022-11-23,Panipuri,Fastfood,20,11,220,Cash,Mrs.,Midnight,2022,11,Wednesday,November
57,2022-08-04,Panipuri,Fastfood,20,14,280,Online,Mrs.,Morning,2022,8,Thursday,August
58,2023-02-03,Vadapav,Fastfood,20,6,120,Online,Mrs.,Morning,2023,2,Friday,February
59,2022-07-01,Vadapav,Fastfood,20,5,100,Cash,Mr.,Morning,2022,7,Friday,July
60,2022-06-11,Cold coffee,Beverages,40,2,80,Online,Mr.,Night,2022,6,Saturday,June
61,2022-12-25,Vadapav,Fastfood,20,14,280,Cash,Mrs.,Afternoon,2022,12,Sunday,December
62,2022-10-17,Sugarcane juice,Beverages,25,3,75,Cash,Mr.,Afternoon,2022,10,Monday,October
63,2022-12-01,Sandwich,Fastfood,60,7,420,Online,Mrs.,Morning,2022,12,Thursday,December
64,2022-12-09,Cold coffee,Beverages,40,1,40,Cash,Mr.,Morning,2022,12,Friday,December
65,2022-07-25,Aalopuri,Fastfood,20,4,80,Cash,Mr.,Morning,2022,7,Monday,July
66,2022-04-05,Frankie,Fastfood,50,2,100,Cash,Mrs.,Morning,2022,4,Tuesday,April
67,2022-05-15,Aalopuri,Fastfood,20,9,180,Cash,Mr.,Midnight,2022,5,Sunday,May
68,2022-12-17,Cold coffee,Beverages,40,2,80,Unknown,Mr.,Night,2022,12,Saturday,December
69,2023-01-10,Vadapav,Fastfood,20,7,140,Cash,Mr.,Midnight,2023,1,Tuesday,January
70,2022-05-09,Cold coffee,Beverages,40,14,560,Unknown,Mrs.,Morning,2022,5,Monday,May
71,2022-12-05,Cold coffee,Beverages,40,6,240,Online,Mr.,Night,2022,12,Monday,December
72,2023-03-09,Frankie,Fastfood,50,13,650,Online,Mr.,Afternoon,2023,3,Thursday,March
73,2022-07-29,Panipuri,Fastfood,20,5,100,Cash,Mr.,Midnight,2022,7,Friday,July
74,2022-08-15,Cold coffee,Beverages,40,10,400,Online,Mrs.,Evening,2022,8,Monday,August
75,2023-02-02,Cold coffee,Beverages,40,6,240,Online,Mrs.,Afternoon,2023,2,Thursday,February
76,2022-08-17,Vadapav,Fastfood,20,9,180,Online,Mr.,Morning,2022,8,Wednesday,August
77,2023-02-04,Sugarcane juice,Beverages,25,12,300,Cash,Mrs.,Midnight,2023,2,Saturday,February
78,2022-10-01,Vadapav,Fastfood,20,4,80,Cash,Mrs.,Evening,2022,10,Saturday,October
79,2022-11-05,Panipuri,Fastfood,20,6,120,Online,Mr.,Night,2022,11,Saturday,November
80,2022-05-24,Frankie,Fastfood,50,13,650,Cash,Mr.,Evening,2022,5,Tuesday,May
81,2022-11-19,Frankie,Fastfood,50,12,600,Online,Mrs.,Night,2022,11,Saturday,November
82,2022-07-17,Frankie,Fastfood,50,3,150,Online,Mrs.,Evening,2022,7,Sunday,July
83,2022-11-13,Frankie,Fastfood,50,11,550,Unknown,Mr.,Evening,2022,11,Sunday,November
84,2023-03-03,Panipuri,Fastfood,20,13,260,Cash,Mr.,Midnight,2023,3,Friday,March
85,2022-08-19,Aalopuri,Fastfood,20,3,60,Online,Mrs.,Night,2022,8,Friday,August
86,2023-03-09,Aalopuri,Fastfood,20,15,300,Cash,Mr.,Morning,2023,3,Thursday,March
87,2022-05-29,Aalopuri,Fastfood,20,8,160,Cash,Mr.,Night,2022,5,Sunday,May
88,2022-07-07,Cold coffee,Beverages,40,10,400,Cash,Mr.,Evening,2022,7,Thursday,July
89,2022-12-23,Aalopuri,Fastfood,20,14,280,Cash,Mr.,Evening,2022,12,Friday,December
90,2022-10-29,Vadapav,Fastfood,20,15,300,Online,Mr.,Night,2022,10,Saturday,October
91,2023-03-22,Cold coffee,Beverages,40,6,240,Unknown,Mrs.,Evening,2023,3,Wednesday,March
92,2022-05-13,Aalopuri,Fastfood,20,15,300,Cash,Mr.,Afternoon,2022,5,Friday,May
93,2022-07-03,Cold coffee,Beverages,40,2,80,Online,Mrs.,Midnight,2022,7,Sunday,July
94,2022-09-14,Aalopuri,Fastfood,20,15,300,Unknown,Mrs.,Night,2022,9,Wednesday,September
95,2022-05-12,Sugarcane juice,Beverages,25,8,200,Online,Mr.,Night,2022,5,Thursday,May
96,2022-08-22,Sandwich,Fastfood,60,15,900,Unknown,Mr.,Morning,2022,8,Monday,August
97,2023-03-29,Cold coffee,Beverages,40,13,520,Online,Mr.,Evening,2023,3,Wednesday,March
98,2022-12-24,Vadapav,Fastfood,20,1,20,Online,Mr.,Morning,2022,12,Saturday,December
99,2022-09-11,Sugarcane juice,Beverages,25,3,75,Cash,Mr.,Evening,2022,9,Sunday,September
100,2022-05-08,Panipuri,Fastfood,20,11,220,Unknown,Mr.,Morning,2022,5,Sunday,May
101,2023-03-26,Vadapav,Fastfood,20,3,60,Online,Mrs.,Morning,2023,3,Sunday,March
102,2023-03-13,Cold coffee,Beverages,40,14,560,Cash,Mr.,Morning,2023,3,Monday,March
103,2023-03-14,Cold coffee,Beverages,40,8,320,Online,Mrs.,Midnight,2023,3,Tuesday,March
104,2022-10-27,Cold coffee,Beverages,40,13,520,Online,Mr.,Morning,2022,10,Thursday,October
105,2023-01-25,Panipuri,Fastfood,20,8,160,Cash,Mrs.,Evening,2023,1,Wednesday,January
106,2023-02-25,Frankie,Fastfood,50,9,450,Cash,Mrs.,Evening,2023,2,Saturday,February
107,2023-02-07,Sandwich,Fastfood,60,4,240,Online,Mr.,Afternoon,2023,2,Tuesday,February
108,2022-08-06,Panipuri,Fastfood,20,5,100,Online,Mr.,Afternoon,2022,8,Saturday,August
109,2022-08-08,Cold coffee,Beverages,40,12,480,Unknown,Mr.,Afternoon,2022,8,Monday,August
110,2022-11-16,Panipuri,Fastfood,20,2,40,Online,Mrs.,Morning,2022,11,Wednesday,November
111,2022-09-04,Sandwich,Fastfood,60,8,480,Cash,Mrs.,Midnight,2022,9,Sunday,September
112,2023-02-24,Sandwich,Fastfood,60,7,420,Cash,Mr.,Morning,2023,2,Friday,February
113,2022-12-12,Aalopuri,Fastfood,20,8,160,Cash,Mr.,Afternoon,2022,12,Monday,December
114,2022-08-14,Aalopuri,Fastfood,20,10,200,Online,Mr.,Afternoon,2022,8,Sunday,August
115,2023-01-12,Aalopuri,Fastfood,20,13,260,Unknown,Mr.,Evening,2023,1,Thursday,January
116,2022-08-26,Sugarcane juice,Beverages,25,13,325,Cash,Mr.,Evening,2022,8,Friday,August
117,2023-03-09,Frankie,Fastfood,50,7,350,Online,Mrs.,Evening,2023,3,Thursday,March
118,2022-07-06,Sandwich,Fastfood,60,1,60,Online,Mr.,Midnight,2022,7,Wednesday,July
119,2022-05-12,Panipuri,Fastfood,20,10,200,Cash,Mr.,Evening,2022,5,Thursday,May
120,2022-07-10,Frankie,Fastfood,50,2,100,Cash,Mrs.,Evening,2022,7,Sunday,July
121,2022-08-26,Cold coffee,Beverages,40,8,320,Cash,Mr.,Afternoon,2022,8,Friday,August
122,2022-04-24,Panipuri,Fastfood,20,3,60,Unknown,Mrs.,Night,2022,4,Sunday,April
123,2022-06-09,Cold coffee,Beverages,40,6,240,Online,Mr.,Evening,2022,6,Thursday,June
124,2022-10-14,Sugarcane juice,Beverages,25,13,325,Unknown,Mrs.,Evening,2022,10,Friday,October
125,2022-04-10,Vadapav,Fastfood,20,7,140,Cash,Mrs.,Midnight,2022,4,Sunday,April
126,2022-04-08,Panipuri,Fastfood,20,11,220,Online,Mrs.,Night,2022,4,Friday,April
127,2022-12-03,Aalopuri,Fastfood,20,1,20,Unknown,Mrs.,Morning,2022,12,Saturday,December
128,2022-08-07,Vadapav,Fastfood,20,11,220,Online,Mr.,Midnight,2022,8,Sunday,August
129,2022-10-19,Panipuri,Fastfood,20,13,260,Cash,Mrs.,Morning,2022,10,Wednesday,October
130,2022-12-28,Sugarcane juice,Beverages,25,7,175,Cash,Mr.,Night,2022,12,Wednesday,December
131,2023-01-19,Sandwich,Fastfood,60,8,480,Cash,Mr.,Night,2023,1,Thursday,January
132,2022-12-05,Vadapav,Fastfood,20,4,80,Online,Mrs.,Night,2022,12,Monday,December
133,2022-12-20,Aalopuri,Fastfood,20,5,100,Online,Mr.,Midnight,2022,12,Tuesday,December
134,2022-07-17,Aalopuri,Fastfood,20,12,240,Online,Mrs.,Night,2022,7,Sunday,July
135,2023-01-14,Aalopuri,Fastfood,20,8,160,Online,Mr.,Midnight,2023,1,Saturday,January
136,2022-08-24,Aalopuri,Fastfood,20,15,300,Online,Mr.,Morning,2022,8,Wednesday,August
137,2023-03-19,Sugarcane juice,Beverages,25,6,150,Unknown,Mr.,Afternoon,2023,3,Sunday,March
138,2022-09-01,Sandwich,Fastfood,60,15,900,Online,Mr.,Night,2022,9,Thursday,September
139,2023-02-26,Frankie,Fastfood,50,11,550,Online,Mrs.,Night,2023,2,Sunday,February
140,2022-06-12,Frankie,Fastfood,50,13,650,Cash,Mr.,Night,2022,6,Sunday,June
141,2022-06-15,Aalopuri,Fastfood,20,4,80,Unknown,Mr.,Evening,2022,6,Wednesday,June
142,2022-12-30,Sugarcane juice,Beverages,25,12,300,Cash,Mrs.,Morning,2022,12,Friday,December
143,2022-09-18,Frankie,Fastfood,50,8,400,Unknown,Mrs.,Afternoon,2022,9,Sunday,September
144,2022-11-17,Panipuri,Fastfood,20,10,200,Cash,Mrs.,Evening,2022,11,Thursday,November
145,2022-10-09,Sandwich,Fastfood,60,14,840,Online,Mr.,Morning,2022,10,Sunday,October
146,2022-10-28,Frankie,Fastfood,50,4,200,Unknown,Mrs.,Afternoon,2022,10,Friday,October
147,2022-05-17,Panipuri,Fastfood,20,7,140,Online,Mr.,Evening,2022,5,Tuesday,May
148,2023-03-19,Sandwich,Fastfood,60,13,780,Online,Mr.,Evening,2023,3,Sunday,March
149,2022-08-09,Sandwich,Fastfood,60,7,420,Online,Mr.,Morning,2022,8,Tuesday,August
150,2023-01-30,Cold coffee,Beverages,40,14,560,Cash,Mr.,Afternoon,2023,1,Monday,January
151,2022-07-10,Frankie,Fastfood,50,13,650,Online,Mrs.,Morning,2022,7,Sunday,July
152,2022-10-24,Cold coffee,Beverages,40,9,360,Online,Mr.,Afternoon,2022,10,Monday,October
153,2022-07-21,Panipuri,Fastfood,20,1,20,Cash,Mrs.,Evening,2022,7,Thursday,July
154,2022-12-13,Vadapav,Fastfood,20,3,60,Cash,Mr.,Night,2022,12,Tuesday,December
155,2023-02-07,Sugarcane juice,Beverages,25,10,250,Cash,Mrs.,Evening,2023,2,Tuesday,February
156,2023-03-25,Panipuri,Fastfood,20,14,280,Cash,Mr.,Midnight,2023,3,Saturday,March
157,2023-02-24,Frankie,Fastfood,50,7,350,Online,Mrs.,Midnight,2023,2,Friday,February
158,2022-05-16,Aalopuri,Fastfood,20,2,40,Unknown,Mr.,Midnight,2022,5,Monday,May
159,2022-10-03,Sugarcane juice,Beverages,25,1,25,Online,Mrs.,Afternoon,2022,10,Monday,October
160,2022-07-23,Vadapav,Fastfood,20,10,200,Online,Mr.,Night,2022,7,Saturday,July
161,2023-01-19,Sugarcane juice,Beverages,25,12,300,Cash,Mr.,Evening,2023,1,Thursday,January
162,2022-05-07,Aalopuri,Fastfood,20,11,220,Cash,Mr.,Midnight,2022,5,Saturday,May
163,2023-01-06,Frankie,Fastfood,50,6,300,Online,Mrs.,Midnight,2023,1,Friday,January
164,2022-08-10,Sugarcane juice,Beverages,25,7,175,Online,Mr.,Afternoon,2022,8,Wednesday,August
165,2023-01-05,Sandwich,Fastfood,60,11,660,Cash,Mr.,Midnight,2023,1,Thursday,January
166,2022-06-01,Panipuri,Fastfood,20,6,120,Cash,Mrs.,Evening,2022,6,Wednesday,June
167,2023-02-23,Cold coffee,Beverages,40,6,240,Cash,Mrs.,Morning,2023,2,Thursday,February
168,2022-04-19,Sandwich,Fastfood,60,4,240,Cash,Mrs.,Midnight,2022,4,Tuesday,April
169,2022-06-20,Vadapav,Fastfood,20,6,120,Cash,Mr.,Morning,2022,6,Monday,June
170,2023-02-13,Aalopuri,Fastfood,20,6,120,Unknown,Mrs.,Afternoon,2023,2,Monday,February
171,2023-03-02,Vadapav,Fastfood,20,11,220,Cash,Mrs.,Midnight,2023,3,Thursday,March
172,2022-08-27,Sugarcane juice,Beverages,25,6,150,Online,Mrs.,Night,2022,8,Saturday,August
173,2023-01-20,Cold coffee,Beverages,40,2,80,Online,Mr.,Night,2023,1,Friday,January
174,2022-09-03,Aalopuri,Fastfood,20,2,40,Online,Mr.,Evening,2022,9,Saturday,September
175,2022-10-17,Frankie,Fastfood,50,12,600,Cash,Mrs.,Afternoon,2022,10,Monday,October
176,2022-08-04,Panipuri,Fastfood,20,1,20,Cash,Mrs.,Midnight,2022,8,Thursday,August
177,2022-07-21,Panipuri,Fastfood,20,11,220,Online,Mrs.,Morning,2022,7,Thursday,July
178,2022-12-09,Aalopuri,Fastfood,20,2,40,Cash,Mrs.,Morning,2022,12,Friday,December
179,2023-03-03,Sugarcane juice,Beverages,25,5,125,Unknown,Mrs.,Midnight,2023,3,Friday,March
180,2022-12-01,Vadapav,Fastfood,20,6,120,Online,Mrs.,Afternoon,2022,12,Thursday,December
181,2022-06-09,Cold coffee,Beverages,40,7,280,Cash,Mrs.,Night,2022,6,Thursday,June
182,2022-07-02,Cold coffee,Beverages,40,1,40,Cash,Mr.,Midnight,2022,7,Saturday,July
183,2022-07-10,Sugarcane juice,Beverages,25,5,125,Cash,Mrs.,Midnight,2022,7,Sunday,July
184,2023-01-03,Cold coffee,Beverages,40,8,320,Cash,Mr.,Night,2023,1,Tuesday,January
185,2023-01-13,Sugarcane juice,Beverages,25,15,375,Unknown,Mr.,Night,2023,1,Friday,January
186,2023-03-15,Frankie,Fastfood,50,2,100,Online,Mr.,Afternoon,2023,3,Wednesday,March
187,2022-10-11,Aalopuri,Fastfood,20,15,300,Cash,Mrs.,Morning,2022,10,Tuesday,October
188,2022-12-28,Panipuri,Fastfood,20,14,280,Cash,Mrs.,Night,2022,12,Wednesday,December
189,2023-02-08,Vadapav,Fastfood,20,12,240,Online,Mr.,Afternoon,2023,2,Wednesday,February
190,2022-04-26,Cold coffee,Beverages,40,1,40,Online,Mr.,Evening,2022,4,Tuesday,April
191,2022-05-20,Sugarcane juice,Beverages,25,14,350,Cash,Mrs.,Morning,2022,5,Friday,May
192,2022-10-26,Vadapav,Fastfood,20,2,40,Online,Mr.,Night,2022,10,Wednesday,October
193,2023-02-05,Cold coffee,Beverages,40,15,600,Online,Mrs.,Midnight,2023,2,Sunday,February
194,2022-12-15,Vadapav,Fastfood,20,4,80,Cash,Mrs.,Morning,2022,12,Thursday,December
195,2022-04-23,Sandwich,Fastfood,60,4,240,Cash,Mrs.,Night,2022,4,Saturday,April
196,2022-06-25,Sandwich,Fastfood,60,3,180,Cash,Mr.,Evening,2022,6,Saturday,June
197,2022-11-08,Panipuri,Fastfood,20,10,200,Cash,Mrs.,Midnight,2022,11,Tuesday,November
198,2023-01-05,Frankie,Fastfood,50,15,750,Cash,Mr.,Morning,2023,1,Thursday,January
199,2023-02-01,Frankie,Fastfood,50,6,300,Online,Mrs.,Morning,2023,2,Wednesday,February
200,2022-12-25,Cold coffee,Beverages,40,10,400,Cash,Mrs.,Morning,2022,12,Sunday,December
201,2022-06-30,Panipuri,Fastfood,20,8,160,Cash,Mr.,Morning,2022,6,Thursday,June
202,2022-09-21,Aalopuri,Fastfood,20,9,180,Cash,Mr.,Afternoon,2022,9,Wednesday,September
203,2022-04-11,Vadapav,Fastfood,20,6,120,Online,Mrs.,Midnight,2022,4,Monday,April
204,2022-10-24,Cold coffee,Beverages,40,7,280,Cash,Mrs.,Evening,2022,10,Monday,October
205,2022-10-17,Vadapav,Fastfood,20,4,80,Unknown,Mr.,Afternoon,2022,10,Monday,October
206,2022-07-27,Aalopuri,Fastfood,20,4,80,Cash,Mr.,Night,2022,7,Wednesday,July
207,2023-02-20,Cold coffee,Beverages,40,8,320,Online,Mrs.,Evening,2023,2,Monday,February
208,2022-08-26,Cold coffee,Beverages,40,13,520,Cash,Mrs.,Midnight,2022,8,Friday,August
209,2022-12-04,Aalopuri,Fastfood,20,2,40,Cash,Mr.,Night,2022,12,Sunday,December
210,2023-01-02,Sugarcane juice,Beverages,25,15,375,Unknown,Mr.,Night,2023,1,Monday,January
211,2022-04-18,Aalopuri,Fastfood,20,12,240,Cash,Mr.,Morning,2022,4,Monday,April
212,2022-05-05,Cold coffee,Beverages,40,12,480,Online,Mrs.,Morning,2022,5,Thursday,May
213,2022-09-29,Vadapav,Fastfood,20,3,60,Unknown,Mrs.,Midnight,2022,9,Thursday,September
214,2022-12-03,Sugarcane juice,Beverages,25,14,350,Online,Mr.,Evening,2022,12,Saturday,December
215,2022-12-10,Sugarcane juice,Beverages,25,7,175,Unknown,Mrs.,Morning,2022,12,Saturday,December
216,2023-03-07,Panipuri,Fastfood,20,9,180,Cash,Mrs.,Afternoon,2023,3,Tuesday,March
217,2023-03-23,Cold coffee,Beverages,40,10,400,Cash,Mr.,Morning,2023,3,Thursday,March
218,2022-12-23,Cold coffee,Beverages,40,13,520,Online,Mrs.,Midnight,2022,12,Friday,December
219,2022-10-01,Aalopuri,Fastfood,20,9,180,Cash,Mrs.,Evening,2022,10,Saturday,October
220,2022-05-13,Sugarcane juice,Beverages,25,1,25,Cash,Mr.,Afternoon,2022,5,Friday,May
221,2023-03-26,Sandwich,Fastfood,60,1,60,Online,Mr.,Evening,2023,3,Sunday,March
222,2022-09-11,Sandwich,Fastfood,60,6,360,Cash,Mrs.,Morning,2022,9,Sunday,September
223,2022-09-21,Panipuri,Fastfood,20,13,260,Online,Mr.,Night,2022,9,Wednesday,September
224,2023-03-23,Sugarcane juice,Beverages,25,14,350,Cash,Mr.,Afternoon,2023,3,Thursday,March
225,2023-03-16,Frankie,Fastfood,50,11,550,Cash,Mrs.,Evening,2023,3,Thursday,March
226,2022-12-12,Aalopuri,Fastfood,20,13,260,Online,Mrs.,Afternoon,2022,12,Monday,December
227,2022-11-17,Cold coffee,Beverages,40,5,200,Cash,Mrs.,Afternoon,2022,11,Thursday,November
228,2022-11-05,Panipuri,Fastfood,20,8,160,Online,Mr.,Night,2022,11,Saturday,November
229,2022-12-15,Panipuri,Fastfood,20,7,140,Unknown,Mr.,Evening,2022,12,Thursday,December
230,2022-04-16,Frankie,Fastfood,50,6,300,Online,Mr.,Afternoon,2022,4,Saturday,April
231,2022-04-16,Sugarcane juice,Beverages,25,3,75,Unknown,Mr.,Night,2022,4,Saturday,April
232,2022-04-23,Vadapav,Fastfood,20,13,260,Cash,Mrs.,Night,2022,4,Saturday,April
233,2022-07-31,Panipuri,Fastfood,20,5,100,Cash,Mr.,Morning,2022,7,Sunday,July
234,2022-07-27,Panipuri,Fastfood,20,10,200,Cash,Mr.,Midnight,2022,7,Wednesday,July
235,2022-11-29,Sandwich,Fastfood,60,10,600,Cash,Mrs.,Afternoon,2022,11,Tuesday,November
236,2022-06-26,Vadapav,Fastfood,20,12,240,Unknown,Mrs.,Evening,2022,6,Sunday,June
237,2022-11-08,Panipuri,Fastfood,20,13,260,Cash,Mrs.,Midnight,2022,11,Tuesday,November
238,2022-04-26,Vadapav,Fastfood,20,13,260,Cash,Mr.,Morning,2022,4,Tuesday,April
239,2022-12-04,Frankie,Fastfood,50,4,200,Online,Mr.,Evening,2022,12,Sunday,December
240,2022-12-11,Sandwich,Fastfood,60,10,600,Cash,Mrs.,Morning,2022,12,Sunday,December
241,2022-06-06,Sugarcane juice,Beverages,25,2,50,Cash,Mr.,Afternoon,2022,6,Monday,June
242,2022-12-23,Cold coffee,Beverages,40,4,160,Online,Mrs.,Midnight,2022,12,Friday,December
243,2022-11-12,Panipuri,Fastfood,20,5,100,Cash,Mrs.,Midnight,2022,11,Saturday,November
244,2022-11-22,Sandwich,Fastfood,60,10,600,Online,Mrs.,Midnight,2022,11,Tuesday,November
245,2022-10-03,Vadapav,Fastfood,20,2,40,Cash,Mrs.,Morning,2022,10,Monday,October
246,2022-11-16,Vadapav,Fastfood,20,10,200,Cash,Mr.,Afternoon,2022,11,Wednesday,November
247,2022-10-03,Sugarcane juice,Beverages,25,6,150,Unknown,Mr.,Midnight,2022,10,Monday,October
248,2022-04-17,Frankie,Fastfood,50,5,250,Online,Mrs.,Midnight,2022,4,Sunday,April
249,2022-10-26,Sugarcane juice,Beverages,25,3,75,Online,Mrs.,Afternoon,2022,10,Wednesday,October
250,2022-11-15,Sugarcane juice,Beverages,25,6,150,Online,Mrs.,Midnight,2022,11,Tuesday,November
251,2022-12-21,Cold coffee,Beverages,40,13,520,Unknown,Mrs.,Afternoon,2022,12,Wednesday,December
252,2023-03-26,Vadapav,Fastfood,20,8,160,Online,Mr.,Midnight,2023,3,Sunday,March
253,2022-06-18,Sugarcane juice,Beverages,25,13,325,Online,Mr.,Afternoon,2022,6,Saturday,June
254,2022-10-09,Cold coffee,Beverages,40,12,480,Unknown,Mrs.,Afternoon,2022,10,Sunday,October
255,2022-04-30,Vadapav,Fastfood,20,7,140,Unknown,Mrs.,Afternoon,2022,4,Saturday,April
256,2023-03-16,Aalopuri,Fastfood,20,3,60,Online,Mrs.,Midnight,2023,3,Thursday,March
257,2023-01-03,Sandwich,Fastfood,60,10,600,Cash,Mrs.,Midnight,2023,1,Tuesday,January
258,2022-09-06,Vadapav,Fastfood,20,14,280,Cash,Mr.,Midnight,2022,9,Tuesday,September
259,2022-11-18,Sandwich,Fastfood,60,4,240,Online,Mr.,Morning,2022,11,Friday,November
260,2022-09-10,Sugarcane juice,Beverages,25,2,50,Online,Mrs.,Night,2022,9,Saturday,September
261,2023-01-11,Frankie,Fastfood,50,9,450,Cash,Mrs.,Midnight,2023,1,Wednesday,January
262,2023-03-05,Vadapav,Fastfood,20,5,100,Unknown,Mrs.,Evening,2023,3,Sunday,March
263,2022-06-19,Panipuri,Fastfood,20,2,40,Cash,Mr.,Evening,2022,6,Sunday,June
264,2022-07-18,Sugarcane juice,Beverages,25,12,300,Online,Mr.,Morning,2022,7,Monday,July
265,2022-08-15,Vadapav,Fastfood,20,6,120,Cash,Mr.,Midnight,2022,8,Monday,August
266,2022-10-02,Frankie,Fastfood,50,10,500,Online,Mrs.,Night,2022,10,Sunday,October
267,2023-03-05,Vadapav,Fastfood,20,1,20,Cash,Mr.,Morning,2023,3,Sunday,March
268,2023-02-05,Cold coffee,Beverages,40,12,480,Cash,Mrs.,Midnight,2023,2,Sunday,February
269,2022-12-22,Panipuri,Fastfood,20,2,40,Unknown,Mrs.,Midnight,2022,12,Thursday,December
270,2022-09-07,Sandwich,Fastfood,60,13,780,Cash,Mr.,Evening,2022,9,Wednesday,September
271,2022-05-03,Vadapav,Fastfood,20,13,260,Cash,Mr.,Evening,2022,5,Tuesday,May
272,2022-07-29,Frankie,Fastfood,50,5,250,Online,Mrs.,Night,2022,7,Friday,July
273,2022-08-15,Panipuri,Fastfood,20,15,300,Cash,Mr.,Midnight,2022,8,Monday,August
274,2023-01-04,Sugarcane juice,Beverages,25,10,250,Online,Mr.,Night,2023,1,Wednesday,January
275,2023-02-04,Vadapav,Fastfood,20,15,300,Online,Mr.,Night,2023,2,Saturday,February
276,2022-09-30,Sugarcane juice,Beverages,25,6,150,Cash,Mr.,Midnight,2022,9,Friday,September
277,2022-12-08,Cold coffee,Beverages,40,13,520,Cash,Mrs.,Midnight,2022,12,Thursday,December
278,2022-06-19,Frankie,Fastfood,50,6,300,Online,Mrs.,Night,2022,6,Sunday,June
279,2022-09-14,Vadapav,Fastfood,20,15,300,Cash,Mrs.,Afternoon,2022,9,Wednesday,September
280,2022-10-09,Panipuri,Fastfood,20,14,280,Online,Mrs.,Evening,2022,10,Sunday,October
281,2022-08-09,Sandwich,Fastfood,60,3,180,Cash,Mrs.,Afternoon,2022,8,Tuesday,August
282,2022-05-16,Vadapav,Fastfood,20,13,260,Unknown,Mrs.,Morning,2022,5,Monday,May
283,2022-07-02,Panipuri,Fastfood,20,2,40,Cash,Mrs.,Midnight,2022,7,Saturday,July
284,2023-01-29,Frankie,Fastfood,50,7,350,Unknown,Mr.,Afternoon,2023,1,Sunday,January
285,2022-06-28,Aalopuri,Fastfood,20,3,60,Unknown,Mr.,Night,2022,6,Tuesday,June
286,2022-12-14,Vadapav,Fastfood,20,6,120,Unknown,Mr.,Night,2022,12,Wednesday,December
287,2022-08-06,Aalopuri,Fastfood,20,3,60,Cash,Mr.,Morning,2022,8,Saturday,August
288,2022-08-22,Sandwich,Fastfood,60,7,420,Cash,Mr.,Night,2022,8,Monday,August
289,2022-11-28,Aalopuri,Fastfood,20,7,140,Online,Mrs.,Midnight,2022,11,Monday,November
290,2022-05-03,Panipuri,Fastfood,20,7,140,Cash,Mrs.,Morning,2022,5,Tuesday,May
291,2023-01-27,Frankie,Fastfood,50,8,400,Online,Mrs.,Night,2023,1,Friday,January
292,2023-01-16,Frankie,Fastfood,50,2,100,Cash,Mrs.,Midnight,2023,1,Monday,January
293,2022-04-21,Panipuri,Fastfood,20,8,160,Online,Mrs.,Morning,2022,4,Thursday,April
294,2022-09-23,Aalopuri,Fastfood,20,1,20,Cash,Mrs.,Evening,2022,9,Friday,September
295,2022-07-21,Sandwich,Fastfood,60,7,420,Cash,Mr.,Midnight,2022,7,Thursday,July
296,2023-02-06,Panipuri,Fastfood,20,7,140,Cash,Mrs.,Afternoon,2023,2,Monday,February
297,2022-04-30,Sandwich,Fastfood,60,10,600,Online,Mr.,Evening,2022,4,Saturday,April
298,2022-07-19,Sugarcane juice,Beverages,25,9,225,Cash,Mrs.,Afternoon,2022,7,Tuesday,July
299,2022-07-22,Aalopuri,Fastfood,20,1,20,Online,Mrs.,Evening,2022,7,Friday,July
300,2022-06-27,Aalopuri,Fastfood,20,8,160,Cash,Mr.,Afternoon,2022,6,Monday,June
301,2023-01-28,Panipuri,Fastfood,20,7,140,Cash,Mr.,Night,2023,1,Saturday,January
302,2023-03-21,Aalopuri,Fastfood,20,14,280,Cash,Mr.,Night,2023,3,Tuesday,March
303,2022-07-02,Sugarcane juice,Beverages,25,1,25,Cash,Mrs.,Midnight,2022,7,Saturday,July
304,2022-05-28,Vadapav,Fastfood,20,15,300,Online,Mr.,Morning,2022,5,Saturday,May
305,2023-03-05,Panipuri,Fastfood,20,4,80,Unknown,Mrs.,Morning,2023,3,Sunday,March
306,2023-03-03,Cold coffee,Beverages,40,8,320,Online,Mrs.,Morning,2023,3,Friday,March
307,2023-02-13,Vadapav,Fastfood,20,8,160,Cash,Mr.,Evening,2023,2,Monday,February
308,2022-12-17,Sandwich,Fastfood,60,13,780,Online,Mr.,Evening,2022,12,Saturday,December
309,2022-10-14,Sandwich,Fastfood,60,8,480,Online,Mr.,Evening,2022,10,Friday,October
310,2022-04-25,Vadapav,Fastfood,20,4,80,Cash,Mr.,Afternoon,2022,4,Monday,April
311,2022-07-31,Frankie,Fastfood,50,7,350,Unknown,Mrs.,Morning,2022,7,Sunday,July
312,2022-12-28,Cold coffee,Beverages,40,1,40,Cash,Mrs.,Night,2022,12,Wednesday,December
313,2022-04-19,Cold coffee,Beverages,40,1,40,Cash,Mr.,Midnight,2022,4,Tuesday,April
314,2023-02-27,Frankie,Fastfood,50,8,400,Online,Mrs.,Morning,2023,2,Monday,February
315,2023-02-20,Cold coffee,Beverages,40,13,520,Online,Mrs.,Afternoon,2023,2,Monday,February
316,2022-11-02,Frankie,Fastfood,50,4,200,Online,Mr.,Morning,2022,11,Wednesday,November
317,2023-03-10,Aalopuri,Fastfood,20,12,240,Online,Mrs.,Afternoon,2023,3,Friday,March
318,2022-12-21,Aalopuri,Fastfood,20,10,200,Online,Mrs.,Midnight,2022,12,Wednesday,December
319,2022-06-30,Frankie,Fastfood,50,15,750,Cash,Mr.,Afternoon,2022,6,Thursday,June
320,2023-03-18,Sugarcane juice,Beverages,25,7,175,Cash,Mrs.,Afternoon,2023,3,Saturday,March
321,2023-02-08,Frankie,Fastfood,50,12,600,Cash,Mrs.,Evening,2023,2,Wednesday,February
322,2022-05-05,Cold coffee,Beverages,40,11,440,Cash,Mr.,Morning,2022,5,Thursday,May
323,2022-12-29,Aalopuri,Fastfood,20,4,80,Cash,Mr.,Morning,2022,12,Thursday,December
324,2022-07-18,Sugarcane juice,Beverages,25,15,375,Online,Mrs.,Night,2022,7,Monday,July
325,2023-03-02,Aalopuri,Fastfood,20,12,240,Unknown,Mrs.,Afternoon,2023,3,Thursday,March
326,2022-05-03,Sandwich,Fastfood,60,8,480,Cash,Mr.,Evening,2022,5,Tuesday,May
327,2022-11-29,Frankie,Fastfood,50,15,750,Cash,Mrs.,Midnight,2022,11,Tuesday,November
328,2022-06-16,Vadapav,Fastfood,20,3,60,Online,Mr.,Evening,2022,6,Thursday,June
329,2023-01-10,Panipuri,Fastfood,20,7,140,Online,Mrs.,Afternoon,2023,1,Tuesday,January
330,2022-09-22,Panipuri,Fastfood,20,8,160,Unknown,Mr.,Morning,2022,9,Thursday,September
331,2022-08-21,Panipuri,Fastfood,20,4,80,Online,Mrs.,Evening,2022,8,Sunday,August
332,2023-02-17,Aalopuri,Fastfood,20,2,40,Unknown,Mrs.,Afternoon,2023,2,Friday,February
333,2022-10-30,Sugarcane juice,Beverages,25,11,275,Cash,Mrs.,Afternoon,2022,10,Sunday,October
334,2022-04-04,Cold coffee,Beverages,40,4,160,Cash,Mrs.,Evening,2022,4,Monday,April
335,2022-10-24,Cold coffee,Beverages,40,11,440,Cash,Mr.,Night,2022,10,Monday,October
336,2022-09-03,Sugarcane juice,Beverages,25,13,325,Unknown,Mrs.,Midnight,2022,9,Saturday,September
337,2022-10-15,Aalopuri,Fastfood,20,14,280,Online,Mrs.,Midnight,2022,10,Saturday,October
338,2022-05-06,Sugarcane juice,Beverages,25,12,300,Cash,Mr.,Morning,2022,5,Friday,May
339,2023-02-16,Sugarcane juice,Beverages,25,1,25,Unknown,Mrs.,Midnight,2023,2,Thursday,February
340,2022-06-02,Cold coffee,Beverages,40,4,160,Cash,Mrs.,Evening,2022,6,Thursday,June
341,2023-03-19,Frankie,Fastfood,50,9,450,Cash,Mrs.,Evening,2023,3,Sunday,March
342,2023-03-11,Vadapav,Fastfood,20,7,140,Online,Mr.,Afternoon,2023,3,Saturday,March
343,2023-01-18,Sugarcane juice,Beverages,25,5,125,Cash,Mr.,Afternoon,2023,1,Wednesday,January
344,2022-05-13,Cold coffee,Beverages,40,14,560,Cash,Mr.,Night,2022,5,Friday,May
345,2022-05-09,Panipuri,Fastfood,20,14,280,Online,Mrs.,Night,2022,5,Monday,May
346,2023-01-31,Cold coffee,Beverages,40,12,480,Cash,Mr.,Morning,2023,1,Tuesday,January
347,2022-06-24,Frankie,Fastfood,50,7,350,Cash,Mrs.,Afternoon,2022,6,Friday,June
348,2022-09-19,Vadapav,Fastfood,20,1,20,Online,Mrs.,Midnight,2022,9,Monday,September
349,2022-08-17,Panipuri,Fastfood,20,5,100,Cash,Mrs.,Evening,2022,8,Wednesday,August
350,2022-09-21,Cold coffee,Beverages,40,8,320,Online,Mrs.,Morning,2022,9,Wednesday,September
351,2022-07-08,Frankie,Fastfood,50,5,250,Online,Mrs.,Night,2022,7,Friday,July
352,2022-05-25,Frankie,Fastfood,50,11,550,Cash,Mrs.,Night,2022,5,Wednesday,May
353,2022-05-18,Vadapav,Fastfood,20,4,80,Online,Mrs.,Midnight,2022,5,Wednesday,May
354,2023-01-16,Panipuri,Fastfood,20,14,280,Online,Mr.,Midnight,2023,1,Monday,January
355,2023-03-15,Cold coffee,Beverages,40,4,160,Online,Mr.,Midnight,2023,3,Wednesday,March
356,2022-05-26,Sugarcane juice,Beverages,25,14,350,Cash,Mrs.,Night,2022,5,Thursday,May
357,2022-09-21,Sandwich,Fastfood,60,9,540,Online,Mrs.,Afternoon,2022,9,Wednesday,September
358,2022-10-27,Aalopuri,Fastfood,20,6,120,Cash,Mr.,Night,2022,10,Thursday,October
359,2022-08-27,Aalopuri,Fastfood,20,13,260,Online,Mrs.,Night,2022,8,Saturday,August
360,2022-10-06,Cold coffee,Beverages,40,2,80,Online,Mrs.,Midnight,2022,10,Thursday,October
361,2022-06-30,Sandwich,Fastfood,60,15,900,Unknown,Mrs.,Night,2022,6,Thursday,June
362,2022-12-30,Sugarcane juice,Beverages,25,2,50,Cash,Mr.,Morning,2022,12,Friday,December
363,2022-05-09,Frankie,Fastfood,50,9,450,Online,Mr.,Afternoon,2022,5,Monday,May
364,2022-10-11,Cold coffee,Beverages,40,2,80,Online,Mr.,Night,2022,10,Tuesday,October
365,2022-07-08,Panipuri,Fastfood,20,10,200,Online,Mr.,Night,2022,7,Friday,July
366,2022-11-30,Sugarcane juice,Beverages,25,10,250,Online,Mrs.,Afternoon,2022,11,Wednesday,November
367,2022-08-10,Panipuri,Fastfood,20,6,120,Unknown,Mr.,Afternoon,2022,8,Wednesday,August
368,2022-08-31,Cold coffee,Beverages,40,2,80,Cash,Mr.,Night,2022,8,Wednesday,August
369,2022-07-03,Sandwich,Fastfood,60,2,120,Online,Mrs.,Evening,2022,7,Sunday,July
370,2022-05-28,Panipuri,Fastfood,20,5,100,Unknown,Mrs.,Midnight,2022,5,Saturday,May
371,2022-10-18,Vadapav,Fastfood,20,5,100,Online,Mrs.,Night,2022,10,Tuesday,October
372,2022-11-19,Frankie,Fastfood,50,12,600,Unknown,Mr.,Morning,2022,11,Saturday,November
373,2022-05-08,Sugarcane juice,Beverages,25,12,300,Cash,Mrs.,Midnight,2022,5,Sunday,May
374,2022-07-24,Frankie,Fastfood,50,10,500,Online,Mr.,Midnight,2022,7,Sunday,July
375,2022-11-17,Panipuri,Fastfood,20,13,260,Cash,Mr.,Evening,2022,11,Thursday,November
376,2022-12-04,Frankie,Fastfood,50,15,750,Cash,Mr.,Midnight,2022,12,Sunday,December
377,2022-05-20,Sugarcane juice,Beverages,25,3,75,Online,Mrs.,Evening,2022,5,Friday,May
378,2022-04-24,Vadapav,Fastfood,20,2,40,Cash,Mrs.,Midnight,2022,4,Sunday,April
379,2023-02-15,Cold coffee,Beverages,40,14,560,Unknown,Mr.,Afternoon,2023,2,Wednesday,February
380,2022-10-20,Sandwich,Fastfood,60,5,300,Online,Mrs.,Afternoon,2022,10,Thursday,October
381,2023-02-26,Vadapav,Fastfood,20,1,20,Online,Mr.,Morning,2023,2,Sunday,February
382,2022-08-16,Cold coffee,Beverages,40,9,360,Cash,Mrs.,Night,2022,8,Tuesday,August
383,2022-05-06,Aalopuri,Fastfood,20,7,140,Online,Mrs.,Morning,2022,5,Friday,May
384,2022-10-22,Sugarcane juice,Beverages,25,1,25,Online,Mr.,Afternoon,2022,10,Saturday,October
385,2022-04-25,Vadapav,Fastfood,20,5,100,Cash,Mr.,Morning,2022,4,Monday,April
386,2022-11-23,Frankie,Fastfood,50,5,250,Online,Mr.,Midnight,2022,11,Wednesday,November
387,2023-03-17,Sugarcane juice,Beverages,25,14,350,Cash,Mrs.,Midnight,2023,3,Friday,March
388,2022-10-09,Sandwich,Fastfood,60,14,840,Cash,Mr.,Evening,2022,10,Sunday,October
389,2022-12-22,Sandwich,Fastfood,60,12,720,Cash,Mrs.,Evening,2022,12,Thursday,December
390,2022-06-18,Sugarcane juice,Beverages,25,5,125,Unknown,Mr.,Midnight,2022,6,Saturday,June
391,2022-04-21,Aalopuri,Fastfood,20,1,20,Online,Mrs.,Night,2022,4,Thursday,April
392,2022-09-18,Aalopuri,Fastfood,20,15,300,Online,Mr.,Night,2022,9,Sunday,September
393,2022-07-02,Sugarcane juice,Beverages,25,10,250,Online,Mrs.,Evening,2022,7,Saturday,July
394,2022-04-03,Sandwich,Fastfood,60,1,60,Cash,Mrs.,Morning,2022,4,Sunday,April
395,2023-01-31,Sandwich,Fastfood,60,3,180,Cash,Mrs.,Evening,2023,1,Tuesday,January
396,2022-10-31,Frankie,Fastfood,50,15,750,Online,Mr.,Morning,2022,10,Monday,October
397,2022-07-06,Aalopuri,Fastfood,20,2,40,Online,Mrs.,Afternoon,2022,7,Wednesday,July
398,2023-01-13,Panipuri,Fastfood,20,6,120,Online,Mr.,Evening,2023,1,Friday,January
399,2022-06-24,Panipuri,Fastfood,20,9,180,Cash,Mrs.,Evening,2022,6,Friday,June
400,2023-03-04,Cold coffee,Beverages,40,15,600,Cash,Mrs.,Morning,2023,3,Saturday,March
401,2022-10-11,Sugarcane juice,Beverages,25,8,200,Online,Mrs.,Midnight,2022,10,Tuesday,October
402,2023-03-19,Frankie,Fastfood,50,7,350,Cash,Mr.,Night,2023,3,Sunday,March
403,2022-09-25,Cold coffee,Beverages,40,3,120,Online,Mrs.,Midnight,2022,9,Sunday,September
404,2022-11-26,Frankie,Fastfood,50,7,350,Cash,Mrs.,Midnight,2022,11,Saturday,November
405,2022-12-13,Sugarcane juice,Beverages,25,10,250,Cash,Mr.,Night,2022,12,Tuesday,December
406,2022-10-13,Cold coffee,Beverages,40,4,160,Online,Mrs.,Afternoon,2022,10,Thursday,October
407,2023-01-02,Sugarcane juice,Beverages,25,2,50,Cash,Mr.,Evening,2023,1,Monday,January
408,2022-10-05,Vadapav,Fastfood,20,4,80,Online,Mr.,Midnight,2022,10,Wednesday,October
409,2022-09-15,Aalopuri,Fastfood,20,9,180,Cash,Mrs.,Morning,2022,9,Thursday,September
410,2022-11-23,Aalopuri,Fastfood,20,15,300,Online,Mr.,Afternoon,2022,11,Wednesday,November
411,2022-11-20,Panipuri,Fastfood,20,12,240,Cash,Mr.,Afternoon,2022,11,Sunday,November
412,2023-03-09,Sugarcane juice,Beverages,25,14,350,Unknown,Mr.,Afternoon,2023,3,Thursday,March
413,2022-04-03,Aalopuri,Fastfood,20,10,200,Online,Mrs.,Midnight,2022,4,Sunday,April
414,2023-01-21,Cold coffee,Beverages,40,13,520,Unknown,Mr.,Night,2023,1,Saturday,January
415,2022-12-05,Vadapav,Fastfood,20,8,160,Online,Mr.,Evening,2022,12,Monday,December
416,2022-08-05,Sandwich,Fastfood,60,9,540,Unknown,Mr.,Morning,2022,8,Friday,August
417,2023-01-16,Panipuri,Fastfood,20,3,60,Cash,Mr.,Evening,2023,1,Monday,January
418,2022-11-12,Cold coffee,Beverages,40,7,280,Online,Mr.,Night,2022,11,Saturday,November
419,2022-10-08,Sugarcane juice,Beverages,25,14,350,Unknown,Mrs.,Midnight,2022,10,Saturday,October
420,2023-01-30,Frankie,Fastfood,50,13,650,Online,Mrs.,Evening,2023,1,Monday,January
421,2023-03-24,Cold coffee,Beverages,40,2,80,Online,Mr.,Midnight,2023,3,Friday,March
422,2022-08-02,Cold coffee,Beverages,40,7,280,Online,Mr.,Evening,2022,8,Tuesday,August
423,2022-10-21,Frankie,Fastfood,50,7,350,Cash,Mrs.,Night,2022,10,Friday,October
424,2022-04-21,Sugarcane juice,Beverages,25,9,225,Online,Mrs.,Midnight,2022,4,Thursday,April
425,2022-08-17,Panipuri,Fastfood,20,14,280,Online,Mr.,Afternoon,2022,8,Wednesday,August
426,2023-01-20,Frankie,Fastfood,50,14,700,Cash,Mr.,Midnight,2023,1,Friday,January
427,2022-05-21,Sandwich,Fastfood,60,2,120,Online,Mr.,Afternoon,2022,5,Saturday,May
428,2022-12-24,Sugarcane juice,Beverages,25,8,200,Online,Mr.,Afternoon,2022,12,Saturday,December
429,2022-09-19,Cold coffee,Beverages,40,3,120,Online,Mr.,Night,2022,9,Monday,September
430,2022-11-05,Sandwich,Fastfood,60,4,240,Online,Mr.,Night,2022,11,Saturday,November
431,2023-03-16,Panipuri,Fastfood,20,6,120,Online,Mr.,Evening,2023,3,Thursday,March
432,2023-03-27,Panipuri,Fastfood,20,6,120,Online,Mr.,Afternoon,2023,3,Monday,March
433,2022-05-27,Panipuri,Fastfood,20,14,280,Online,Mrs.,Evening,2022,5,Friday,May
434,2022-08-21,Aalopuri,Fastfood,20,12,240,Cash,Mr.,Morning,2022,8,Sunday,August
435,2022-05-08,Sandwich,Fastfood,60,1,60,Cash,Mrs.,Afternoon,2022,5,Sunday,May
436,2023-01-05,Frankie,Fastfood,50,10,500,Cash,Mr.,Midnight,2023,1,Thursday,January
437,2022-08-31,Cold coffee,Beverages,40,1,40,Unknown,Mr.,Morning,2022,8,Wednesday,August
438,2022-06-20,Cold coffee,Beverages,40,5,200,Online,Mr.,Morning,2022,6,Monday,June
439,2022-09-30,Frankie,Fastfood,50,13,650,Online,Mr.,Afternoon,2022,9,Friday,September
440,2022-11-28,Aalopuri,Fastfood,20,7,140,Cash,Mr.,Afternoon,2022,11,Monday,November
441,2022-11-02,Aalopuri,Fastfood,20,1,20,Online,Mrs.,Midnight,2022,11,Wednesday,November
442,2022-08-22,Sugarcane juice,Beverages,25,7,175,Online,Mrs.,Night,2022,8,Monday,August
443,2022-09-05,Sugarcane juice,Beverages,25,12,300,Cash,Mrs.,Night,2022,9,Monday,September
444,2022-09-28,Frankie,Fastfood,50,4,200,Unknown,Mr.,Evening,2022,9,Wednesday,September
445,2022-10-22,Sandwich,Fastfood,60,14,840,Online,Mrs.,Morning,2022,10,Saturday,October
446,2022-08-31,Cold coffee,Beverages,40,9,360,Cash,Mr.,Night,2022,8,Wednesday,August
447,2023-01-17,Frankie,Fastfood,50,6,300,Online,Mrs.,Afternoon,2023,1,Tuesday,January
448,2022-07-27,Vadapav,Fastfood,20,6,120,Cash,Mrs.,Evening,2022,7,Wednesday,July
449,2022-09-09,Frankie,Fastfood,50,4,200,Cash,Mr.,Afternoon,2022,9,Friday,September
450,2022-05-20,Sugarcane juice,Beverages,25,1,25,Online,Mr.,Morning,2022,5,Friday,May
451,2023-03-15,Sugarcane juice,Beverages,25,10,250,Cash,Mrs.,Midnight,2023,3,Wednesday,March
452,2022-12-25,Frankie,Fastfood,50,5,250,Online,Mr.,Afternoon,2022,12,Sunday,December
453,2022-10-20,Sandwich,Fastfood,60,1,60,Online,Mrs.,Midnight,2022,10,Thursday,October
454,2023-03-07,Sandwich,Fastfood,60,1,60,Online,Mrs.,Evening,2023,3,Tuesday,March
455,2023-03-01,Cold coffee,Beverages,40,11,440,Cash,Mr.,Midnight,2023,3,Wednesday,March
456,2022-12-31,Cold coffee,Beverages,40,13,520,Unknown,Mrs.,Night,2022,12,Saturday,December
457,2022-10-16,Cold coffee,Beverages,40,11,440,Cash,Mr.,Evening,2022,10,Sunday,October
458,2022-09-12,Sugarcane juice,Beverages,25,8,200,Cash,Mrs.,Midnight,2022,9,Monday,September
459,2022-06-08,Vadapav,Fastfood,20,14,280,Cash,Mr.,Night,2022,6,Wednesday,June
460,2022-11-20,Aalopuri,Fastfood,20,2,40,Cash,Mr.,Morning,2022,11,Sunday,November
461,2022-07-22,Sugarcane juice,Beverages,25,5,125,Cash,Mr.,Midnight,2022,7,Friday,July
462,2022-04-24,Vadapav,Fastfood,20,3,60,Cash,Mr.,Morning,2022,4,Sunday,April
463,2022-06-11,Sandwich,Fastfood,60,6,360,Online,Mr.,Midnight,2022,6,Saturday,June
464,2022-10-18,Sugarcane juice,Beverages,25,13,325,Cash,Mr.,Morning,2022,10,Tuesday,October
465,2023-01-15,Sugarcane juice,Beverages,25,12,300,Online,Mr.,Evening,2023,1,Sunday,January
466,2023-01-11,Panipuri,Fastfood,20,6,120,Cash,Mr.,Evening,2023,1,Wednesday,January
467,2022-10-17,Aalopuri,Fastfood,20,11,220,Online,Mr.,Morning,2022,10,Monday,October
468,2022-09-08,Panipuri,Fastfood,20,2,40,Cash,Mr.,Evening,2022,9,Thursday,September
469,2022-05-15,Sandwich,Fastfood,60,7,420,Online,Mrs.,Morning,2022,5,Sunday,May
470,2022-09-29,Vadapav,Fastfood,20,8,160,Cash,Mrs.,Morning,2022,9,Thursday,September
471,2023-02-13,Panipuri,Fastfood,20,7,140,Cash,Mrs.,Afternoon,2023,2,Monday,February
472,2023-01-11,Panipuri,Fastfood,20,10,200,Unknown,Mr.,Midnight,2023,1,Wednesday,January
473,2022-09-04,Sandwich,Fastfood,60,5,300,Cash,Mrs.,Evening,2022,9,Sunday,September
474,2022-08-28,Sugarcane juice,Beverages,25,15,375,Cash,Mrs.,Night,2022,8,Sunday,August
475,2023-02-24,Cold coffee,Beverages,40,6,240,Cash,Mrs.,Night,2023,2,Friday,February
476,2023-02-02,Aalopuri,Fastfood,20,10,200,Cash,Mr.,Morning,2023,2,Thursday,February
477,2023-02-13,Sandwich,Fastfood,60,15,900,Cash,Mrs.,Midnight,2023,2,Monday,February
478,2022-12-27,Sugarcane juice,Beverages,25,9,225,Cash,Mrs.,Afternoon,2022,12,Tuesday,December
479,2023-02-13,Sandwich,Fastfood,60,11,660,Cash,Mrs.,Afternoon,2023,2,Monday,February
480,2022-10-02,Vadapav,Fastfood,20,12,240,Cash,Mr.,Evening,2022,10,Sunday,October
481,2022-10-29,Sugarcane juice,Beverages,25,4,100,Cash,Mr.,Evening,2022,10,Saturday,October
482,2023-01-31,Aalopuri,Fastfood,20,1,20,Online,Mr.,Afternoon,2023,1,Tuesday,January
483,2022-04-27,Panipuri,Fastfood,20,9,180,Cash,Mrs.,Morning,2022,4,Wednesday,April
484,2023-03-21,Cold coffee,Beverages,40,5,200,Cash,Mrs.,Afternoon,2023,3,Tuesday,March
485,2023-02-26,Aalopuri,Fastfood,20,6,120,Cash,Mrs.,Midnight,2023,2,Sunday,February
486,2023-02-14,Vadapav,Fastfood,20,6,120,Cash,Mrs.,Midnight,2023,2,Tuesday,February
487,2022-05-27,Sandwich,Fastfood,60,9,540,Cash,Mrs.,Midnight,2022,5,Friday,May
488,2022-09-21,Cold coffee,Beverages,40,10,400,Cash,Mr.,Midnight,2022,9,Wednesday,September
489,2023-02-03,Frankie,Fastfood,50,13,650,Online,Mrs.,Evening,2023,2,Friday,February
490,2022-12-26,Cold coffee,Beverages,40,8,320,Cash,Mr.,Morning,2022,12,Monday,December
491,2022-05-31,Vadapav,Fastfood,20,2,40,Online,Mrs.,Midnight,2022,5,Tuesday,May
492,2022-07-11,Sandwich,Fastfood,60,15,900,Cash,Mr.,Afternoon,2022,7,Monday,July
493,2022-10-02,Cold coffee,Beverages,40,2,80,Online,Mr.,Morning,2022,10,Sunday,October
494,2023-01-14,Cold coffee,Beverages,40,10,400,Cash,Mrs.,Night,2023,1,Saturday,January
495,2022-10-20,Aalopuri,Fastfood,20,13,260,Online,Mrs.,Midnight,2022,10,Thursday,October
496,2022-11-07,Cold coffee,Beverages,40,10,400,Online,Mrs.,Night,2022,11,Monday,November
497,2023-01-25,Sandwich,Fastfood,60,7,420,Cash,Mr.,Midnight,2023,1,Wednesday,January
498,2022-06-16,Frankie,Fastfood,50,1,50,Cash,Mr.,Midnight,2022,6,Thursday,June
499,2022-07-27,Sandwich,Fastfood,60,8,480,Online,Mrs.,Evening,2022,7,Wednesday,July
500,2022-04-08,Vadapav,Fastfood,20,4,80,Online,Mrs.,Midnight,2022,4,Friday,April
501,2022-08-09,Sugarcane juice,Beverages,25,14,350,Online,Mrs.,Afternoon,2022,8,Tuesday,August
502,2023-01-04,Panipuri,Fastfood,20,13,260,Online,Mr.,Night,2023,1,Wednesday,January
503,2022-11-04,Aalopuri,Fastfood,20,13,260,Cash,Mrs.,Morning,2022,11,Friday,November
504,2022-12-09,Cold coffee,Beverages,40,8,320,Cash,Mr.,Evening,2022,12,Friday,December
505,2023-02-12,Frankie,Fastfood,50,4,200,Cash,Mr.,Night,2023,2,Sunday,February
506,2022-12-26,Cold coffee,Beverages,40,12,480,Cash,Mrs.,Midnight,2022,12,Monday,December
507,2022-12-14,Aalopuri,Fastfood,20,14,280,Online,Mrs.,Morning,2022,12,Wednesday,December
508,2022-12-10,Sandwich,Fastfood,60,1,60,Cash,Mr.,Night,2022,12,Saturday,December
509,2022-10-26,Vadapav,Fastfood,20,11,220,Online,Mr.,Evening,2022,10,Wednesday,October
510,2022-04-04,Sandwich,Fastfood,60,14,840,Online,Mr.,Afternoon,2022,4,Monday,April
511,2022-08-02,Panipuri,Fastfood,20,4,80,Cash,Mrs.,Night,2022,8,Tuesday,August
512,2023-01-11,Panipuri,Fastfood,20,3,60,Cash,Mrs.,Afternoon,2023,1,Wednesday,January
513,2022-07-16,Cold coffee,Beverages,40,5,200,Cash,Mrs.,Night,2022,7,Saturday,July
514,2022-08-24,Cold coffee,Beverages,40,8,320,Online,Mrs.,Evening,2022,8,Wednesday,August
515,2022-11-02,Sandwich,Fastfood,60,7,420,Unknown,Mrs.,Night,2022,11,Wednesday,November
516,2022-09-22,Sugarcane juice,Beverages,25,12,300,Online,Mrs.,Midnight,2022,9,Thursday,September
517,2022-07-02,Panipuri,Fastfood,20,13,260,Online,Mr.,Evening,2022,7,Saturday,July
518,2022-12-09,Aalopuri,Fastfood,20,6,120,Cash,Mrs.,Morning,2022,12,Friday,December
519,2022-11-25,Cold coffee,Beverages,40,10,400,Cash,Mr.,Morning,2022,11,Friday,November
520,2022-04-03,Panipuri,Fastfood,20,11,220,Online,Mrs.,Night,2022,4,Sunday,April
521,2023-01-27,Panipuri,Fastfood,20,14,280,Online,Mr.,Morning,2023,1,Friday,January
522,2022-12-29,Panipuri,Fastfood,20,13,260,Cash,Mrs.,Midnight,2022,12,Thursday,December
523,2022-11-03,Frankie,Fastfood,50,6,300,Cash,Mr.,Afternoon,2022,11,Thursday,November
524,2022-05-01,Aalopuri,Fastfood,20,13,260,Online,Mr.,Afternoon,2022,5,Sunday,May
525,2022-05-04,Vadapav,Fastfood,20,3,60,Cash,Mr.,Midnight,2022,5,Wednesday,May
526,2022-07-04,Sandwich,Fastfood,60,10,600,Cash,Mrs.,Evening,2022,7,Monday,July
527,2023-01-06,Sugarcane juice,Beverages,25,6,150,Cash,Mrs.,Afternoon,2023,1,Friday,January
528,2022-07-01,Sugarcane juice,Beverages,25,7,175,Cash,Mrs.,Midnight,2022,7,Friday,July
529,2022-05-15,Aalopuri,Fastfood,20,12,240,Unknown,Mrs.,Afternoon,2022,5,Sunday,May
530,2022-07-27,Panipuri,Fastfood,20,6,120,Cash,Mrs.,Night,2022,7,Wednesday,July
531,2022-10-04,Cold coffee,Beverages,40,10,400,Cash,Mr.,Night,2022,10,Tuesday,October
532,2023-03-27,Panipuri,Fastfood,20,13,260,Online,Mrs.,Midnight,2023,3,Monday,March
533,2023-02-05,Frankie,Fastfood,50,2,100,Unknown,Mrs.,Night,2023,2,Sunday,February
534,2022-05-16,Vadapav,Fastfood,20,2,40,Online,Mrs.,Night,2022,5,Monday,May
535,2022-09-05,Sandwich,Fastfood,60,4,240,Online,Mr.,Midnight,2022,9,Monday,September
536,2023-03-01,Sugarcane juice,Beverages,25,7,175,Cash,Mrs.,Evening,2023,3,Wednesday,March
537,2023-01-25,Panipuri,Fastfood,20,3,60,Cash,Mr.,Evening,2023,1,Wednesday,January
538,2022-06-05,Panipuri,Fastfood,20,7,140,Online,Mr.,Morning,2022,6,Sunday,June
539,2022-09-07,Panipuri,Fastfood,20,3,60,Online,Mr.,Evening,2022,9,Wednesday,September
540,2022-05-27,Vadapav,Fastfood,20,13,260,Cash,Mr.,Afternoon,2022,5,Friday,May
541,2022-07-30,Panipuri,Fastfood,20,12,240,Cash,Mr.,Night,2022,7,Saturday,July
542,2022-08-04,Sugarcane juice,Beverages,25,9,225,Cash,Mr.,Evening,2022,8,Thursday,August
543,2022-04-10,Aalopuri,Fastfood,20,15,300,Cash,Mrs.,Evening,2022,4,Sunday,April
544,2022-12-14,Sandwich,Fastfood,60,15,900,Online,Mrs.,Morning,2022,12,Wednesday,December
545,2023-01-01,Sandwich,Fastfood,60,13,780,Online,Mrs.,Midnight,2023,1,Sunday,January
546,2022-07-09,Aalopuri,Fastfood,20,1,20,Cash,Mrs.,Midnight,2022,7,Saturday,July
547,2022-05-14,Cold coffee,Beverages,40,10,400,Online,Mr.,Morning,2022,5,Saturday,May
548,2023-03-29,Cold coffee,Beverages,40,14,560,Cash,Mr.,Afternoon,2023,3,Wednesday,March
549,2022-04-15,Sugarcane juice,Beverages,25,3,75,Online,Mr.,Afternoon,2022,4,Friday,April
550,2022-11-15,Cold coffee,Beverages,40,15,600,Online,Mr.,Afternoon,2022,11,Tuesday,November
551,2022-07-30,Sugarcane juice,Beverages,25,7,175,Cash,Mr.,Evening,2022,7,Saturday,July
552,2022-09-12,Sugarcane juice,Beverages,25,15,375,Cash,Mrs.,Midnight,2022,9,Monday,September
553,2022-11-11,Panipuri,Fastfood,20,14,280,Cash,Mr.,Evening,2022,11,Friday,November
554,2023-03-09,Panipuri,Fastfood,20,4,80,Cash,Mrs.,Afternoon,2023,3,Thursday,March
555,2022-04-16,Sandwich,Fastfood,60,6,360,Cash,Mrs.,Evening,2022,4,Saturday,April
556,2023-02-27,Vadapav,Fastfood,20,9,180,Cash,Mrs.,Night,2023,2,Monday,February
557,2022-06-30,Sandwich,Fastfood,60,2,120,Cash,Mrs.,Evening,2022,6,Thursday,June
558,2022-10-01,Panipuri,Fastfood,20,5,100,Online,Mr.,Morning,2022,10,Saturday,October
559,2022-08-31,Cold coffee,Beverages,40,5,200,Online,Mrs.,Night,2022,8,Wednesday,August
560,2022-12-10,Sugarcane juice,Beverages,25,1,25,Cash,Mr.,Evening,2022,12,Saturday,December
561,2022-06-13,Panipuri,Fastfood,20,1,20,Cash,Mrs.,Midnight,2022,6,Monday,June
562,2022-08-09,Frankie,Fastfood,50,4,200,Cash,Mr.,Afternoon,2022,8,Tuesday,August
563,2022-10-13,Frankie,Fastfood,50,7,350,Online,Mrs.,Evening,2022,10,Thursday,October
564,2022-09-27,Cold coffee,Beverages,40,2,80,Unknown,Mr.,Morning,2022,9,Tuesday,September
565,2022-09-27,Panipuri,Fastfood,20,15,300,Cash,Mr.,Evening,2022,9,Tuesday,September
566,2022-07-19,Frankie,Fastfood,50,3,150,Cash,Mr.,Evening,2022,7,Tuesday,July
567,2022-10-16,Cold coffee,Beverages,40,7,280,Online,Mrs.,Afternoon,2022,10,Sunday,October
568,2022-12-29,Panipuri,Fastfood,20,12,240,Unknown,Mrs.,Afternoon,2022,12,Thursday,December
569,2023-01-02,Cold coffee,Beverages,40,15,600,Online,Mrs.,Midnight,2023,1,Monday,January
570,2022-09-15,Sugarcane juice,Beverages,25,4,100,Cash,Mr.,Morning,2022,9,Thursday,September
571,2022-11-28,Sugarcane juice,Beverages,25,1,25,Cash,Mrs.,Evening,2022,11,Monday,November
572,2022-04-02,Sandwich,Fastfood,60,15,900,Cash,Mr.,Afternoon,2022,4,Saturday,April
573,2022-09-07,Frankie,Fastfood,50,2,100,Cash,Mr.,Afternoon,2022,9,Wednesday,September
574,2022-10-22,Aalopuri,Fastfood,20,1,20,Cash,Mrs.,Night,2022,10,Saturday,October
575,2022-12-24,Vadapav,Fastfood,20,1,20,Online,Mrs.,Midnight,2022,12,Saturday,December
576,2023-03-23,Panipuri,Fastfood,20,12,240,Cash,Mrs.,Afternoon,2023,3,Thursday,March
577,2022-09-06,Cold coffee,Beverages,40,7,280,Cash,Mr.,Evening,2022,9,Tuesday,September
578,2022-06-30,Frankie,Fastfood,50,5,250,Online,Mrs.,Night,2022,6,Thursday,June
579,2022-04-27,Panipuri,Fastfood,20,2,40,Cash,Mr.,Evening,2022,4,Wednesday,April
580,2022-07-01,Panipuri,Fastfood,20,10,200,Online,Mr.,Night,2022,7,Friday,July
581,2022-04-23,Sugarcane juice,Beverages,25,13,325,Cash,Mr.,Afternoon,2022,4,Saturday,April
582,2022-05-12,Aalopuri,Fastfood,20,13,260,Cash,Mr.,Morning,2022,5,Thursday,May
583,2022-05-31,Frankie,Fastfood,50,8,400,Cash,Mr.,Night,2022,5,Tuesday,May
584,2022-12-04,Cold coffee,Beverages,40,15,600,Cash,Mr.,Morning,2022,12,Sunday,December
585,2023-03-05,Vadapav,Fastfood,20,11,220,Cash,Mrs.,Morning,2023,3,Sunday,March
586,2022-05-22,Sandwich,Fastfood,60,15,900,Online,Mr.,Night,2022,5,Sunday,May
587,2022-04-09,Aalopuri,Fastfood,20,10,200,Cash,Mrs.,Night,2022,4,Saturday,April
588,2022-06-16,Frankie,Fastfood,50,11,550,Cash,Mrs.,Morning,2022,6,Thursday,June
589,2022-08-25,Cold coffee,Beverages,40,5,200,Cash,Mr.,Night,2022,8,Thursday,August
590,2023-03-27,Panipuri,Fastfood,20,15,300,Online,Mr.,Midnight,2023,3,Monday,March
591,2022-10-01,Sandwich,Fastfood,60,13,780,Cash,Mrs.,Morning,2022,10,Saturday,October
592,2022-12-04,Sugarcane juice,Beverages,25,7,175,Cash,Mr.,Morning,2022,12,Sunday,December
593,2023-02-16,Sugarcane juice,Beverages,25,9,225,Cash,Mrs.,Evening,2023,2,Thursday,February
594,2023-01-20,Frankie,Fastfood,50,6,300,Cash,Mrs.,Morning,2023,1,Friday,January
595,2023-02-22,Frankie,Fastfood,50,9,450,Online,Mr.,Afternoon,2023,2,Wednesday,February
596,2022-04-26,Cold coffee,Beverages,40,1,40,Online,Mrs.,Night,2022,4,Tuesday,April
597,2022-11-30,Panipuri,Fastfood,20,10,200,Online,Mr.,Midnight,2022,11,Wednesday,November
598,2022-08-02,Cold coffee,Beverages,40,8,320,Cash,Mrs.,Afternoon,2022,8,Tuesday,August
599,2022-10-03,Frankie,Fastfood,50,13,650,Cash,Mr.,Morning,2022,10,Monday,October
600,2022-12-24,Panipuri,Fastfood,20,6,120,Cash,Mrs.,Morning,2022,12,Saturday,December
601,2022-11-01,Aalopuri,Fastfood,20,12,240,Online,Mr.,Morning,2022,11,Tuesday,November
602,2022-08-27,Aalopuri,Fastfood,20,10,200,Cash,Mr.,Night,2022,8,Saturday,August
603,2022-08-31,Vadapav,Fastfood,20,10,200,Cash,Mrs.,Afternoon,2022,8,Wednesday,August
604,2022-09-08,Frankie,Fastfood,50,10,500,Cash,Mrs.,Night,2022,9,Thursday,September
605,2022-04-04,Cold coffee,Beverages,40,15,600,Unknown,Mrs.,Afternoon,2022,4,Monday,April
606,2022-04-09,Cold coffee,Beverages,40,6,240,Cash,Mrs.,Night,2022,4,Saturday,April
607,2022-12-15,Vadapav,Fastfood,20,9,180,Cash,Mrs.,Afternoon,2022,12,Thursday,December
608,2023-02-28,Aalopuri,Fastfood,20,1,20,Online,Mr.,Midnight,2023,2,Tuesday,February
609,2023-02-07,Aalopuri,Fastfood,20,14,280,Unknown,Mr.,Midnight,2023,2,Tuesday,February
610,2022-05-08,Frankie,Fastfood,50,13,650,Online,Mrs.,Evening,2022,5,Sunday,May
611,2022-06-25,Aalopuri,Fastfood,20,2,40,Online,Mrs.,Morning,2022,6,Saturday,June
612,2023-02-06,Aalopuri,Fastfood,20,3,60,Online,Mr.,Midnight,2023,2,Monday,February
613,2022-06-10,Vadapav,Fastfood,20,5,100,Online,Mrs.,Night,2022,6,Friday,June
614,2022-12-19,Vadapav,Fastfood,20,2,40,Unknown,Mr.,Morning,2022,12,Monday,December
615,2022-08-14,Sandwich,Fastfood,60,14,840,Unknown,Mr.,Morning,2022,8,Sunday,August
616,2022-07-15,Vadapav,Fastfood,20,6,120,Online,Mrs.,Midnight,2022,7,Friday,July
617,2022-06-28,Sugarcane juice,Beverages,25,2,50,Cash,Mr.,Night,2022,6,Tuesday,June
618,2022-04-08,Frankie,Fastfood,50,1,50,Online,Mr.,Evening,2022,4,Friday,April
619,2022-09-09,Sugarcane juice,Beverages,25,4,100,Cash,Mrs.,Morning,2022,9,Friday,September
620,2022-09-14,Panipuri,Fastfood,20,12,240,Online,Mrs.,Evening,2022,9,Wednesday,September
621,2023-02-13,Aalopuri,Fastfood,20,2,40,Online,Mrs.,Evening,2023,2,Monday,February
622,2022-12-14,Panipuri,Fastfood,20,13,260,Online,Mr.,Afternoon,2022,12,Wednesday,December
623,2022-04-02,Cold coffee,Beverages,40,15,600,Cash,Mr.,Midnight,2022,4,Saturday,April
624,2023-03-08,Sandwich,Fastfood,60,9,540,Cash,Mrs.,Morning,2023,3,Wednesday,March
625,2022-06-17,Sandwich,Fastfood,60,15,900,Online,Mr.,Morning,2022,6,Friday,June
626,2023-02-01,Cold coffee,Beverages,40,15,600,Cash,Mr.,Night,2023,2,Wednesday,February
627,2022-06-22,Sugarcane juice,Beverages,25,15,375,Online,Mr.,Afternoon,2022,6,Wednesday,June
628,2022-05-02,Cold coffee,Beverages,40,10,400,Unknown,Mrs.,Night,2022,5,Monday,May
629,2023-01-20,Sugarcane juice,Beverages,25,9,225,Cash,Mrs.,Evening,2023,1,Friday,January
630,2022-05-27,Frankie,Fastfood,50,7,350,Unknown,Mrs.,Morning,2022,5,Friday,May
631,2022-07-01,Cold coffee,Beverages,40,13,520,Cash,Mrs.,Evening,2022,7,Friday,July
632,2022-10-28,Panipuri,Fastfood,20,9,180,Online,Mrs.,Night,2022,10,Friday,October
633,2022-05-24,Cold coffee,Beverages,40,3,120,Online,Mr.,Evening,2022,5,Tuesday,May
634,2022-07-26,Panipuri,Fastfood,20,13,260,Cash,Mr.,Afternoon,2022,7,Tuesday,July
635,2023-02-06,Vadapav,Fastfood,20,15,300,Online,Mrs.,Night,2023,2,Monday,February
636,2022-04-26,Cold coffee,Beverages,40,12,480,Unknown,Mr.,Morning,2022,4,Tuesday,April
637,2022-05-14,Aalopuri,Fastfood,20,7,140,Cash,Mr.,Midnight,2022,5,Saturday,May
638,2022-08-20,Cold coffee,Beverages,40,11,440,Online,Mrs.,Afternoon,2022,8,Saturday,August
639,2023-01-26,Vadapav,Fastfood,20,14,280,Cash,Mrs.,Morning,2023,1,Thursday,January
640,2023-01-04,Sandwich,Fastfood,60,15,900,Online,Mr.,Night,2023,1,Wednesday,January
641,2023-02-09,Vadapav,Fastfood,20,15,300,Cash,Mr.,Afternoon,2023,2,Thursday,February
642,2022-05-09,Cold coffee,Beverages,40,10,400,Online,Mrs.,Morning,2022,5,Monday,May
643,2022-10-20,Sugarcane juice,Beverages,25,2,50,Cash,Mr.,Afternoon,2022,10,Thursday,October
644,2023-02-03,Panipuri,Fastfood,20,5,100,Online,Mrs.,Evening,2023,2,Friday,February
645,2022-07-26,Sandwich,Fastfood,60,9,540,Cash,Mrs.,Night,2022,7,Tuesday,July
646,2022-08-30,Vadapav,Fastfood,20,14,280,Online,Mrs.,Afternoon,2022,8,Tuesday,August
647,2022-06-05,Vadapav,Fastfood,20,3,60,Cash,Mr.,Afternoon,2022,6,Sunday,June
648,2022-05-27,Sandwich,Fastfood,60,7,420,Cash,Mr.,Night,2022,5,Friday,May
649,2022-11-05,Frankie,Fastfood,50,9,450,Cash,Mr.,Midnight,2022,11,Saturday,November
650,2022-04-07,Sandwich,Fastfood,60,13,780,Online,Mrs.,Morning,2022,4,Thursday,April
651,2022-07-11,Sandwich,Fastfood,60,10,600,Online,Mrs.,Midnight,2022,7,Monday,July
652,2022-05-21,Cold coffee,Beverages,40,13,520,Online,Mrs.,Afternoon,2022,5,Saturday,May
653,2022-05-30,Frankie,Fastfood,50,10,500,Online,Mrs.,Midnight,2022,5,Monday,May
654,2023-03-04,Vadapav,Fastfood,20,9,180,Cash,Mrs.,Morning,2023,3,Saturday,March
655,2022-06-30,Sugarcane juice,Beverages,25,12,300,Online,Mr.,Morning,2022,6,Thursday,June
656,2022-11-28,Sandwich,Fastfood,60,6,360,Online,Mrs.,Midnight,2022,11,Monday,November
657,2023-01-10,Cold coffee,Beverages,40,7,280,Unknown,Mr.,Midnight,2023,1,Tuesday,January
658,2022-10-10,Aalopuri,Fastfood,20,12,240,Unknown,Mrs.,Afternoon,2022,10,Monday,October
659,2023-01-21,Panipuri,Fastfood,20,2,40,Online,Mr.,Afternoon,2023,1,Saturday,January
660,2022-07-25,Sandwich,Fastfood,60,9,540,Cash,Mrs.,Night,2022,7,Monday,July
661,2022-10-11,Frankie,Fastfood,50,7,350,Online,Mrs.,Midnight,2022,10,Tuesday,October
662,2023-02-15,Panipuri,Fastfood,20,3,60,Online,Mrs.,Afternoon,2023,2,Wednesday,February
663,2023-02-05,Sugarcane juice,Beverages,25,1,25,Online,Mr.,Night,2023,2,Sunday,February
664,2022-10-31,Frankie,Fastfood,50,10,500,Online,Mrs.,Morning,2022,10,Monday,October
665,2022-05-06,Aalopuri,Fastfood,20,14,280,Online,Mrs.,Evening,2022,5,Friday,May
666,2023-01-25,Panipuri,Fastfood,20,9,180,Cash,Mr.,Evening,2023,1,Wednesday,January
667,2022-09-28,Vadapav,Fastfood,20,3,60,Cash,Mrs.,Evening,2022,9,Wednesday,September
668,2022-05-11,Aalopuri,Fastfood,20,4,80,Online,Mr.,Morning,2022,5,Wednesday,May
669,2023-03-18,Sandwich,Fastfood,60,11,660,Online,Mr.,Evening,2023,3,Saturday,March
670,2022-07-05,Panipuri,Fastfood,20,15,300,Cash,Mr.,Night,2022,7,Tuesday,July
671,2022-10-09,Sandwich,Fastfood,60,2,120,Online,Mr.,Afternoon,2022,10,Sunday,October
672,2022-11-24,Cold coffee,Beverages,40,3,120,Unknown,Mrs.,Evening,2022,11,Thursday,November
673,2022-09-17,Sandwich,Fastfood,60,12,720,Cash,Mr.,Midnight,2022,9,Saturday,September
674,2022-07-17,Sugarcane juice,Beverages,25,13,325,Unknown,Mr.,Morning,2022,7,Sunday,July
675,2022-04-17,Sandwich,Fastfood,60,12,720,Cash,Mr.,Night,2022,4,Sunday,April
676,2022-05-04,Frankie,Fastfood,50,7,350,Cash,Mrs.,Evening,2022,5,Wednesday,May
677,2022-05-19,Cold coffee,Beverages,40,3,120,Online,Mrs.,Morning,2022,5,Thursday,May
678,2022-05-23,Aalopuri,Fastfood,20,3,60,Online,Mr.,Evening,2022,5,Monday,May
679,2022-11-02,Sandwich,Fastfood,60,12,720,Online,Mr.,Morning,2022,11,Wednesday,November
680,2022-04-20,Cold coffee,Beverages,40,4,160,Cash,Mr.,Night,2022,4,Wednesday,April
681,2022-12-09,Frankie,Fastfood,50,9,450,Online,Mrs.,Night,2022,12,Friday,December
682,2022-10-11,Aalopuri,Fastfood,20,14,280,Online,Mr.,Midnight,2022,10,Tuesday,October
683,2022-08-12,Frankie,Fastfood,50,15,750,Cash,Mr.,Midnight,2022,8,Friday,August
684,2022-09-18,Vadapav,Fastfood,20,5,100,Cash,Mr.,Afternoon,2022,9,Sunday,September
685,2022-05-20,Aalopuri,Fastfood,20,3,60,Cash,Mrs.,Afternoon,2022,5,Friday,May
686,2022-11-25,Cold coffee,Beverages,40,5,200,Cash,Mr.,Afternoon,2022,11,Friday,November
687,2022-12-18,Vadapav,Fastfood,20,10,200,Cash,Mrs.,Midnight,2022,12,Sunday,December
688,2022-05-14,Frankie,Fastfood,50,5,250,Online,Mr.,Afternoon,2022,5,Saturday,May
689,2022-08-13,Vadapav,Fastfood,20,6,120,Cash,Mrs.,Afternoon,2022,8,Saturday,August
690,2022-10-05,Vadapav,Fastfood,20,9,180,Cash,Mrs.,Night,2022,10,Wednesday,October
691,2022-04-01,Sandwich,Fastfood,60,7,420,Cash,Mrs.,Evening,2022,4,Friday,April
692,2023-01-13,Frankie,Fastfood,50,14,700,Online,Mr.,Afternoon,2023,1,Friday,January
693,2022-11-29,Sugarcane juice,Beverages,25,13,325,Online,Mrs.,Midnight,2022,11,Tuesday,November
694,2022-04-22,Panipuri,Fastfood,20,14,280,Cash,Mr.,Midnight,2022,4,Friday,April
695,2022-08-24,Panipuri,Fastfood,20,10,200,Online,Mrs.,Midnight,2022,8,Wednesday,August
696,2023-02-23,Sugarcane juice,Beverages,25,3,75,Online,Mrs.,Evening,2023,2,Thursday,February
697,2022-05-05,Sugarcane juice,Beverages,25,5,125,Cash,Mr.,Midnight,2022,5,Thursday,May
698,2022-11-26,Panipuri,Fastfood,20,10,200,Online,Mr.,Night,2022,11,Saturday,November
699,2022-09-09,Cold coffee,Beverages,40,1,40,Online,Mr.,Evening,2022,9,Friday,September
700,2022-11-15,Frankie,Fastfood,50,6,300,Cash,Mrs.,Evening,2022,11,Tuesday,November
701,2022-07-19,Sugarcane juice,Beverages,25,14,350,Online,Mrs.,Evening,2022,7,Tuesday,July
702,2023-03-25,Cold coffee,Beverages,40,13,520,Cash,Mrs.,Afternoon,2023,3,Saturday,March
703,2022-11-01,Panipuri,Fastfood,20,10,200,Online,Mrs.,Afternoon,2022,11,Tuesday,November
704,2022-08-14,Sandwich,Fastfood,60,1,60,Online,Mrs.,Evening,2022,8,Sunday,August
705,2022-10-07,Sandwich,Fastfood,60,6,360,Online,Mr.,Evening,2022,10,Friday,October
706,2023-02-05,Frankie,Fastfood,50,8,400,Online,Mr.,Night,2023,2,Sunday,February
707,2022-12-16,Panipuri,Fastfood,20,2,40,Online,Mr.,Night,2022,12,Friday,December
708,2023-03-15,Sandwich,Fastfood,60,5,300,Cash,Mrs.,Midnight,2023,3,Wednesday,March
709,2023-02-22,Cold coffee,Beverages,40,6,240,Cash,Mr.,Morning,2023,2,Wednesday,February
710,2023-03-15,Sandwich,Fastfood,60,15,900,Unknown,Mr.,Night,2023,3,Wednesday,March
711,2022-10-30,Aalopuri,Fastfood,20,3,60,Cash,Mr.,Afternoon,2022,10,Sunday,October
712,2022-12-17,Vadapav,Fastfood,20,3,60,Online,Mrs.,Midnight,2022,12,Saturday,December
713,2022-12-02,Sugarcane juice,Beverages,25,14,350,Online,Mrs.,Morning,2022,12,Friday,December
714,2022-12-14,Sugarcane juice,Beverages,25,14,350,Cash,Mr.,Afternoon,2022,12,Wednesday,December
715,2022-04-12,Sandwich,Fastfood,60,1,60,Online,Mr.,Morning,2022,4,Tuesday,April
716,2022-12-03,Panipuri,Fastfood,20,9,180,Cash,Mrs.,Midnight,2022,12,Saturday,December
717,2022-10-11,Sugarcane juice,Beverages,25,15,375,Unknown,Mrs.,Evening,2022,10,Tuesday,October
718,2022-12-28,Aalopuri,Fastfood,20,2,40,Online,Mr.,Afternoon,2022,12,Wednesday,December
719,2022-05-09,Vadapav,Fastfood,20,15,300,Cash,Mrs.,Midnight,2022,5,Monday,May
720,2022-05-10,Frankie,Fastfood,50,14,700,Cash,Mrs.,Morning,2022,5,Tuesday,May
721,2022-08-13,Panipuri,Fastfood,20,12,240,Unknown,Mr.,Afternoon,2022,8,Saturday,August
722,2022-09-14,Vadapav,Fastfood,20,15,300,Unknown,Mr.,Midnight,2022,9,Wednesday,September
723,2023-02-16,Cold coffee,Beverages,40,10,400,Online,Mr.,Evening,2023,2,Thursday,February
724,2022-06-27,Frankie,Fastfood,50,10,500,Cash,Mrs.,Night,2022,6,Monday,June
725,2022-07-04,Vadapav,Fastfood,20,6,120,Online,Mrs.,Afternoon,2022,7,Monday,July
726,2022-09-11,Panipuri,Fastfood,20,1,20,Online,Mr.,Morning,2022,9,Sunday,September
727,2022-08-25,Aalopuri,Fastfood,20,5,100,Cash,Mrs.,Midnight,2022,8,Thursday,August
728,2022-08-03,Vadapav,Fastfood,20,1,20,Online,Mr.,Midnight,2022,8,Wednesday,August
729,2022-11-24,Sandwich,Fastfood,60,7,420,Cash,Mr.,Night,2022,11,Thursday,November
730,2022-06-28,Frankie,Fastfood,50,13,650,Cash,Mrs.,Afternoon,2022,6,Tuesday,June
731,2023-03-09,Frankie,Fastfood,50,10,500,Cash,Mrs.,Afternoon,2023,3,Thursday,March
732,2022-06-13,Panipuri,Fastfood,20,7,140,Unknown,Mrs.,Midnight,2022,6,Monday,June
733,2023-02-03,Frankie,Fastfood,50,10,500,Cash,Mr.,Evening,2023,2,Friday,February
734,2022-10-07,Frankie,Fastfood,50,7,350,Cash,Mr.,Evening,2022,10,Friday,October
735,2022-08-10,Panipuri,Fastfood,20,11,220,Cash,Mr.,Morning,2022,8,Wednesday,August
736,2022-09-25,Panipuri,Fastfood,20,13,260,Unknown,Mr.,Afternoon,2022,9,Sunday,September
737,2022-09-20,Frankie,Fastfood,50,13,650,Online,Mrs.,Night,2022,9,Tuesday,September
738,2023-03-01,Sandwich,Fastfood,60,4,240,Online,Mrs.,Morning,2023,3,Wednesday,March
739,2022-06-06,Aalopuri,Fastfood,20,11,220,Online,Mr.,Night,2022,6,Monday,June
740,2022-07-30,Aalopuri,Fastfood,20,9,180,Cash,Mr.,Midnight,2022,7,Saturday,July
741,2022-07-16,Aalopuri,Fastfood,20,5,100,Online,Mr.,Afternoon,2022,7,Saturday,July
742,2022-11-18,Panipuri,Fastfood,20,14,280,Online,Mr.,Night,2022,11,Friday,November
743,2022-11-09,Panipuri,Fastfood,20,1,20,Cash,Mr.,Morning,2022,11,Wednesday,November
744,2022-06-25,Frankie,Fastfood,50,10,500,Cash,Mrs.,Morning,2022,6,Saturday,June
745,2022-09-11,Aalopuri,Fastfood,20,2,40,Online,Mr.,Evening,2022,9,Sunday,September
746,2022-08-05,Sugarcane juice,Beverages,25,5,125,Online,Mrs.,Midnight,2022,8,Friday,August
747,2023-01-14,Cold coffee,Beverages,40,3,120,Cash,Mrs.,Midnight,2023,1,Saturday,January
748,2022-09-20,Sandwich,Fastfood,60,14,840,Cash,Mrs.,Night,2022,9,Tuesday,September
749,2022-08-31,Vadapav,Fastfood,20,11,220,Cash,Mr.,Morning,2022,8,Wednesday,August
750,2023-02-01,Frankie,Fastfood,50,1,50,Online,Mr.,Evening,2023,2,Wednesday,February
751,2022-09-16,Vadapav,Fastfood,20,2,40,Cash,Mr.,Afternoon,2022,9,Friday,September
752,2022-06-04,Panipuri,Fastfood,20,2,40,Online,Mrs.,Morning,2022,6,Saturday,June
753,2022-06-26,Sugarcane juice,Beverages,25,1,25,Cash,Mr.,Midnight,2022,6,Sunday,June
754,2022-12-29,Sugarcane juice,Beverages,25,14,350,Cash,Mrs.,Evening,2022,12,Thursday,December
755,2023-01-02,Aalopuri,Fastfood,20,12,240,Cash,Mrs.,Night,2023,1,Monday,January
756,2022-10-21,Sugarcane juice,Beverages,25,10,250,Online,Mrs.,Morning,2022,10,Friday,October
757,2022-12-25,Sugarcane juice,Beverages,25,11,275,Online,Mr.,Morning,2022,12,Sunday,December
758,2022-09-25,Vadapav,Fastfood,20,3,60,Cash,Mrs.,Evening,2022,9,Sunday,September
759,2022-12-25,Sugarcane juice,Beverages,25,13,325,Online,Mr.,Midnight,2022,12,Sunday,December
760,2022-11-14,Sugarcane juice,Beverages,25,1,25,Online,Mrs.,Evening,2022,11,Monday,November
761,2022-11-12,Sandwich,Fastfood,60,3,180,Unknown,Mrs.,Midnight,2022,11,Saturday,November
762,2022-04-09,Vadapav,Fastfood,20,12,240,Online,Mrs.,Midnight,2022,4,Saturday,April
763,2022-07-04,Vadapav,Fastfood,20,14,280,Unknown,Mrs.,Night,2022,7,Monday,July
764,2023-02-14,Sandwich,Fastfood,60,7,420,Cash,Mrs.,Night,2023,2,Tuesday,February
765,2022-06-15,Sandwich,Fastfood,60,13,780,Cash,Mr.,Night,2022,6,Wednesday,June
766,2022-06-19,Sandwich,Fastfood,60,10,600,Online,Mrs.,Morning,2022,6,Sunday,June
767,2023-02-26,Frankie,Fastfood,50,8,400,Cash,Mrs.,Afternoon,2023,2,Sunday,February
768,2023-01-12,Sandwich,Fastfood,60,14,840,Cash,Mr.,Afternoon,2023,1,Thursday,January
769,2022-06-07,Frankie,Fastfood,50,8,400,Cash,Mr.,Morning,2022,6,Tuesday,June
770,2023-02-22,Aalopuri,Fastfood,20,8,160,Cash,Mrs.,Morning,2023,2,Wednesday,February
771,2022-08-15,Panipuri,Fastfood,20,5,100,Online,Mrs.,Midnight,2022,8,Monday,August
772,2023-03-20,Cold coffee,Beverages,40,9,360,Cash,Mr.,Evening,2023,3,Monday,March
773,2022-08-14,Cold coffee,Beverages,40,7,280,Online,Mr.,Afternoon,2022,8,Sunday,August
774,2023-03-15,Vadapav,Fastfood,20,1,20,Online,Mrs.,Night,2023,3,Wednesday,March
775,2023-03-27,Sandwich,Fastfood,60,6,360,Cash,Mr.,Night,2023,3,Monday,March
776,2023-02-07,Frankie,Fastfood,50,10,500,Cash,Mr.,Midnight,2023,2,Tuesday,February
777,2022-10-23,Panipuri,Fastfood,20,13,260,Cash,Mr.,Morning,2022,10,Sunday,October
778,2022-06-11,Frankie,Fastfood,50,13,650,Cash,Mr.,Evening,2022,6,Saturday,June
779,2023-01-16,Sandwich,Fastfood,60,13,780,Unknown,Mr.,Night,2023,1,Monday,January
780,2022-11-27,Sugarcane juice,Beverages,25,13,325,Online,Mrs.,Afternoon,2022,11,Sunday,November
781,2022-05-27,Aalopuri,Fastfood,20,10,200,Online,Mr.,Midnight,2022,5,Friday,May
782,2022-12-16,Aalopuri,Fastfood,20,5,100,Online,Mr.,Night,2022,12,Friday,December
783,2022-04-29,Aalopuri,Fastfood,20,8,160,Cash,Mr.,Morning,2022,4,Friday,April
784,2022-07-09,Vadapav,Fastfood,20,8,160,Cash,Mrs.,Morning,2022,7,Saturday,July
785,2022-12-07,Aalopuri,Fastfood,20,2,40,Online,Mr.,Afternoon,2022,12,Wednesday,December
786,2023-03-13,Sandwich,Fastfood,60,14,840,Online,Mrs.,Night,2023,3,Monday,March
787,2023-03-25,Aalopuri,Fastfood,20,2,40,Cash,Mrs.,Afternoon,2023,3,Saturday,March
788,2022-08-13,Sugarcane juice,Beverages,25,7,175,Online,Mr.,Afternoon,2022,8,Saturday,August
789,2022-08-03,Sugarcane juice,Beverages,25,7,175,Cash,Mr.,Morning,2022,8,Wednesday,August
790,2022-07-20,Panipuri,Fastfood,20,3,60,Cash,Mrs.,Evening,2022,7,Wednesday,July
791,2022-04-07,Vadapav,Fastfood,20,3,60,Unknown,Mr.,Midnight,2022,4,Thursday,April
792,2023-02-25,Vadapav,Fastfood,20,2,40,Cash,Mrs.,Morning,2023,2,Saturday,February
793,2022-08-30,Sandwich,Fastfood,60,6,360,Cash,Mrs.,Night,2022,8,Tuesday,August
794,2022-10-02,Sugarcane juice,Beverages,25,5,125,Online,Mr.,Afternoon,2022,10,Sunday,October
795,2023-01-10,Vadapav,Fastfood,20,9,180,Cash,Mr.,Evening,2023,1,Tuesday,January
796,2022-06-25,Sugarcane juice,Beverages,25,14,350,Online,Mr.,Night,2022,6,Saturday,June
797,2022-11-26,Cold coffee,Beverages,40,11,440,Cash,Mr.,Night,2022,11,Saturday,November
798,2022-05-22,Frankie,Fastfood,50,12,600,Unknown,Mr.,Night,2022,5,Sunday,May
799,2023-01-11,Panipuri,Fastfood,20,1,20,Online,Mrs.,Night,2023,1,Wednesday,January
800,2022-11-06,Cold coffee,Beverages,40,14,560,Cash,Mr.,Night,2022,11,Sunday,November
801,2022-04-28,Aalopuri,Fastfood,20,7,140,Cash,Mrs.,Evening,2022,4,Thursday,April
802,2023-01-23,Sandwich,Fastfood,60,7,420,Online,Mrs.,Afternoon,2023,1,Monday,January
803,2022-08-27,Vadapav,Fastfood,20,5,100,Unknown,Mr.,Night,2022,8,Saturday,August
804,2022-10-11,Cold coffee,Beverages,40,12,480,Online,Mrs.,Night,2022,10,Tuesday,October
805,2022-05-08,Sugarcane juice,Beverages,25,1,25,Online,Mr.,Afternoon,2022,5,Sunday,May
806,2022-05-23,Vadapav,Fastfood,20,3,60,Online,Mr.,Evening,2022,5,Monday,May
807,2022-06-13,Frankie,Fastfood,50,1,50,Online,Mrs.,Midnight,2022,6,Monday,June
808,2022-09-21,Panipuri,Fastfood,20,1,20,Online,Mr.,Morning,2022,9,Wednesday,September
809,2022-12-12,Panipuri,Fastfood,20,10,200,Online,Mr.,Evening,2022,12,Monday,December
810,2022-12-27,Vadapav,Fastfood,20,3,60,Online,Mr.,Morning,2022,12,Tuesday,December
811,2023-03-02,Aalopuri,Fastfood,20,13,260,Cash,Mr.,Afternoon,2023,3,Thursday,March
812,2022-08-08,Panipuri,Fastfood,20,5,100,Cash,Mr.,Afternoon,2022,8,Monday,August
813,2022-10-13,Panipuri,Fastfood,20,10,200,Online,Mr.,Afternoon,2022,10,Thursday,October
814,2022-10-05,Vadapav,Fastfood,20,13,260,Cash,Mrs.,Midnight,2022,10,Wednesday,October
815,2022-04-20,Cold coffee,Beverages,40,12,480,Online,Mrs.,Afternoon,2022,4,Wednesday,April
816,2023-01-11,Sugarcane juice,Beverages,25,11,275,Cash,Mr.,Morning,2023,1,Wednesday,January
817,2022-05-21,Aalopuri,Fastfood,20,12,240,Cash,Mrs.,Evening,2022,5,Saturday,May
818,2023-02-28,Frankie,Fastfood,50,6,300,Cash,Mr.,Night,2023,2,Tuesday,February
819,2022-10-12,Vadapav,Fastfood,20,10,200,Cash,Mr.,Evening,2022,10,Wednesday,October
820,2023-02-24,Aalopuri,Fastfood,20,3,60,Unknown,Mr.,Midnight,2023,2,Friday,February
821,2022-07-24,Aalopuri,Fastfood,20,12,240,Cash,Mrs.,Midnight,2022,7,Sunday,July
822,2022-06-17,Panipuri,Fastfood,20,12,240,Online,Mr.,Morning,2022,6,Friday,June
823,2023-02-13,Panipuri,Fastfood,20,11,220,Online,Mr.,Midnight,2023,2,Monday,February
824,2023-01-18,Vadapav,Fastfood,20,2,40,Online,Mrs.,Evening,2023,1,Wednesday,January
825,2022-10-30,Panipuri,Fastfood,20,14,280,Cash,Mrs.,Morning,2022,10,Sunday,October
826,2022-12-02,Sandwich,Fastfood,60,15,900,Cash,Mrs.,Night,2022,12,Friday,December
827,2023-01-06,Sandwich,Fastfood,60,12,720,Cash,Mr.,Midnight,2023,1,Friday,January
828,2022-08-18,Panipuri,Fastfood,20,6,120,Cash,Mr.,Evening,2022,8,Thursday,August
829,2022-09-19,Cold coffee,Beverages,40,6,240,Cash,Mr.,Night,2022,9,Monday,September
830,2022-11-28,Cold coffee,Beverages,40,9,360,Unknown,Mr.,Night,2022,11,Monday,November
831,2022-08-01,Frankie,Fastfood,50,5,250,Online,Mrs.,Morning,2022,8,Monday,August
832,2022-06-06,Sugarcane juice,Beverages,25,4,100,Cash,Mr.,Morning,2022,6,Monday,June
833,2022-09-01,Panipuri,Fastfood,20,2,40,Online,Mrs.,Evening,2022,9,Thursday,September
834,2022-05-25,Sugarcane juice,Beverages,25,14,350,Cash,Mr.,Evening,2022,5,Wednesday,May
835,2022-09-27,Sugarcane juice,Beverages,25,7,175,Online,Mr.,Afternoon,2022,9,Tuesday,September
836,2022-08-31,Vadapav,Fastfood,20,2,40,Cash,Mrs.,Midnight,2022,8,Wednesday,August
837,2022-05-19,Aalopuri,Fastfood,20,7,140,Cash,Mr.,Midnight,2022,5,Thursday,May
838,2022-07-31,Cold coffee,Beverages,40,9,360,Online,Mrs.,Morning,2022,7,Sunday,July
839,2022-05-08,Sugarcane juice,Beverages,25,4,100,Cash,Mrs.,Afternoon,2022,5,Sunday,May
840,2023-02-18,Cold coffee,Beverages,40,15,600,Unknown,Mrs.,Midnight,2023,2,Saturday,February
841,2023-02-03,Vadapav,Fastfood,20,9,180,Cash,Mr.,Night,2023,2,Friday,February
842,2022-05-25,Panipuri,Fastfood,20,2,40,Cash,Mrs.,Evening,2022,5,Wednesday,May
843,2022-07-04,Sugarcane juice,Beverages,25,1,25,Cash,Mrs.,Morning,2022,7,Monday,July
844,2022-05-04,Sugarcane juice,Beverages,25,13,325,Cash,Mr.,Morning,2022,5,Wednesday,May
845,2022-07-01,Cold coffee,Beverages,40,6,240,Online,Mrs.,Evening,2022,7,Friday,July
846,2022-04-20,Aalopuri,Fastfood,20,5,100,Online,Mr.,Afternoon,2022,4,Wednesday,April
847,2022-08-14,Panipuri,Fastfood,20,11,220,Online,Mr.,Midnight,2022,8,Sunday,August
848,2022-11-10,Frankie,Fastfood,50,9,450,Cash,Mr.,Night,2022,11,Thursday,November
849,2022-11-03,Cold coffee,Beverages,40,10,400,Cash,Mrs.,Night,2022,11,Thursday,November
850,2022-08-20,Vadapav,Fastfood,20,3,60,Online,Mrs.,Afternoon,2022,8,Saturday,August
851,2023-01-28,Aalopuri,Fastfood,20,15,300,Online,Mrs.,Night,2023,1,Saturday,January
852,2022-05-05,Sugarcane juice,Beverages,25,8,200,Online,Mr.,Night,2022,5,Thursday,May
853,2023-02-17,Cold coffee,Beverages,40,3,120,Online,Mrs.,Midnight,2023,2,Friday,February
854,2022-10-14,Cold coffee,Beverages,40,14,560,Online,Mrs.,Night,2022,10,Friday,October
855,2022-10-23,Vadapav,Fastfood,20,5,100,Online,Mr.,Evening,2022,10,Sunday,October
856,2022-05-04,Aalopuri,Fastfood,20,11,220,Cash,Mrs.,Night,2022,5,Wednesday,May
857,2022-11-08,Sugarcane juice,Beverages,25,14,350,Online,Mrs.,Evening,2022,11,Tuesday,November
858,2022-11-22,Cold coffee,Beverages,40,9,360,Cash,Mr.,Evening,2022,11,Tuesday,November
859,2022-10-08,Sandwich,Fastfood,60,11,660,Cash,Mrs.,Midnight,2022,10,Saturday,October
860,2022-07-16,Cold coffee,Beverages,40,5,200,Cash,Mr.,Night,2022,7,Saturday,July
861,2023-01-24,Sugarcane juice,Beverages,25,8,200,Cash,Mrs.,Night,2023,1,Tuesday,January
862,2023-03-10,Frankie,Fastfood,50,7,350,Online,Mr.,Night,2023,3,Friday,March
863,2022-09-08,Frankie,Fastfood,50,9,450,Online,Mr.,Night,2022,9,Thursday,September
864,2022-08-20,Cold coffee,Beverages,40,9,360,Online,Mr.,Morning,2022,8,Saturday,August
865,2023-01-23,Sugarcane juice,Beverages,25,6,150,Cash,Mrs.,Night,2023,1,Monday,January
866,2022-08-13,Frankie,Fastfood,50,10,500,Online,Mr.,Midnight,2022,8,Saturday,August
867,2023-01-26,Frankie,Fastfood,50,15,750,Cash,Mr.,Midnight,2023,1,Thursday,January
868,2022-08-17,Aalopuri,Fastfood,20,13,260,Cash,Mrs.,Evening,2022,8,Wednesday,August
869,2022-06-26,Panipuri,Fastfood,20,9,180,Online,Mr.,Midnight,2022,6,Sunday,June
870,2022-10-31,Cold coffee,Beverages,40,5,200,Online,Mrs.,Afternoon,2022,10,Monday,October
871,2022-12-07,Vadapav,Fastfood,20,14,280,Unknown,Mrs.,Evening,2022,12,Wednesday,December
872,2022-07-14,Sandwich,Fastfood,60,12,720,Cash,Mr.,Afternoon,2022,7,Thursday,July
873,2022-05-09,Sugarcane juice,Beverages,25,1,25,Online,Mr.,Night,2022,5,Monday,May
874,2022-05-09,Cold coffee,Beverages,40,4,160,Cash,Mr.,Midnight,2022,5,Monday,May
875,2022-08-05,Vadapav,Fastfood,20,15,300,Cash,Mr.,Evening,2022,8,Friday,August
876,2022-06-10,Cold coffee,Beverages,40,8,320,Online,Mrs.,Evening,2022,6,Friday,June
877,2022-10-27,Sugarcane juice,Beverages,25,14,350,Cash,Mrs.,Afternoon,2022,10,Thursday,October
878,2022-08-12,Sandwich,Fastfood,60,6,360,Online,Mr.,Evening,2022,8,Friday,August
879,2022-11-06,Cold coffee,Beverages,40,9,360,Cash,Mrs.,Evening,2022,11,Sunday,November
880,2022-06-25,Sugarcane juice,Beverages,25,5,125,Cash,Mrs.,Morning,2022,6,Saturday,June
881,2022-05-25,Sandwich,Fastfood,60,2,120,Cash,Mr.,Midnight,2022,5,Wednesday,May
882,2022-04-23,Panipuri,Fastfood,20,9,180,Online,Mr.,Morning,2022,4,Saturday,April
883,2022-08-24,Aalopuri,Fastfood,20,5,100,Online,Mrs.,Midnight,2022,8,Wednesday,August
884,2023-03-01,Vadapav,Fastfood,20,12,240,Online,Mr.,Night,2023,3,Wednesday,March
885,2022-10-16,Sugarcane juice,Beverages,25,4,100,Cash,Mr.,Evening,2022,10,Sunday,October
886,2022-07-21,Sugarcane juice,Beverages,25,4,100,Cash,Mrs.,Night,2022,7,Thursday,July
887,2022-10-24,Aalopuri,Fastfood,20,3,60,Cash,Mr.,Morning,2022,10,Monday,October
888,2022-09-05,Vadapav,Fastfood,20,8,160,Cash,Mr.,Evening,2022,9,Monday,September
889,2022-04-12,Vadapav,Fastfood,20,10,200,Online,Mr.,Midnight,2022,4,Tuesday,April
890,2023-03-03,Sugarcane juice,Beverages,25,5,125,Cash,Mrs.,Morning,2023,3,Friday,March
891,2022-12-27,Cold coffee,Beverages,40,11,440,Cash,Mr.,Midnight,2022,12,Tuesday,December
892,2022-07-14,Sugarcane juice,Beverages,25,7,175,Online,Mrs.,Evening,2022,7,Thursday,July
893,2022-07-13,Sugarcane juice,Beverages,25,12,300,Cash,Mrs.,Afternoon,2022,7,Wednesday,July
894,2023-03-19,Sandwich,Fastfood,60,15,900,Cash,Mr.,Morning,2023,3,Sunday,March
895,2023-01-03,Sugarcane juice,Beverages,25,11,275,Cash,Mr.,Afternoon,2023,1,Tuesday,January
896,2022-10-30,Aalopuri,Fastfood,20,13,260,Cash,Mr.,Night,2022,10,Sunday,October
897,2022-08-22,Aalopuri,Fastfood,20,6,120,Online,Mr.,Morning,2022,8,Monday,August
898,2023-03-02,Frankie,Fastfood,50,8,400,Cash,Mr.,Afternoon,2023,3,Thursday,March
899,2023-01-24,Aalopuri,Fastfood,20,7,140,Cash,Mr.,Midnight,2023,1,Tuesday,January
900,2022-12-07,Sugarcane juice,Beverages,25,9,225,Online,Mr.,Afternoon,2022,12,Wednesday,December
901,2022-12-24,Vadapav,Fastfood,20,7,140,Online,Mrs.,Morning,2022,12,Saturday,December
902,2022-11-23,Frankie,Fastfood,50,4,200,Online,Mr.,Afternoon,2022,11,Wednesday,November
903,2023-01-01,Aalopuri,Fastfood,20,15,300,Online,Mr.,Night,2023,1,Sunday,January
904,2023-03-12,Aalopuri,Fastfood,20,4,80,Cash,Mrs.,Midnight,2023,3,Sunday,March
905,2022-12-13,Frankie,Fastfood,50,15,750,Cash,Mrs.,Midnight,2022,12,Tuesday,December
906,2022-04-04,Sandwich,Fastfood,60,15,900,Cash,Mr.,Afternoon,2022,4,Monday,April
907,2022-10-19,Cold coffee,Beverages,40,4,160,Unknown,Mrs.,Midnight,2022,10,Wednesday,October
908,2023-03-06,Sandwich,Fastfood,60,7,420,Cash,Mrs.,Night,2023,3,Monday,March
909,2023-02-21,Cold coffee,Beverages,40,12,480,Online,Mrs.,Morning,2023,2,Tuesday,February
910,2022-10-09,Panipuri,Fastfood,20,1,20,Cash,Mrs.,Afternoon,2022,10,Sunday,October
911,2022-04-09,Sandwich,Fastfood,60,1,60,Cash,Mr.,Evening,2022,4,Saturday,April
912,2022-09-17,Aalopuri,Fastfood,20,6,120,Cash,Mr.,Evening,2022,9,Saturday,September
913,2023-02-15,Frankie,Fastfood,50,15,750,Online,Mr.,Evening,2023,2,Wednesday,February
914,2023-03-01,Sandwich,Fastfood,60,14,840,Cash,Mr.,Night,2023,3,Wednesday,March
915,2022-10-07,Cold coffee,Beverages,40,7,280,Online,Mr.,Afternoon,2022,10,Friday,October
916,2022-11-17,Cold coffee,Beverages,40,15,600,Unknown,Mrs.,Afternoon,2022,11,Thursday,November
917,2022-05-15,Vadapav,Fastfood,20,15,300,Online,Mr.,Evening,2022,5,Sunday,May
918,2022-11-12,Panipuri,Fastfood,20,6,120,Cash,Mr.,Evening,2022,11,Saturday,November
919,2023-01-03,Vadapav,Fastfood,20,8,160,Online,Mrs.,Evening,2023,1,Tuesday,January
920,2022-07-12,Frankie,Fastfood,50,13,650,Online,Mr.,Evening,2022,7,Tuesday,July
921,2022-09-21,Vadapav,Fastfood,20,14,280,Cash,Mr.,Midnight,2022,9,Wednesday,September
922,2022-06-13,Frankie,Fastfood,50,5,250,Online,Mrs.,Evening,2022,6,Monday,June
923,2022-05-30,Cold coffee,Beverages,40,3,120,Online,Mr.,Morning,2022,5,Monday,May
924,2022-12-17,Panipuri,Fastfood,20,14,280,Cash,Mr.,Afternoon,2022,12,Saturday,December
925,2022-04-10,Frankie,Fastfood,50,4,200,Online,Mrs.,Afternoon,2022,4,Sunday,April
926,2023-02-27,Frankie,Fastfood,50,15,750,Cash,Mrs.,Afternoon,2023,2,Monday,February
927,2022-12-02,Cold coffee,Beverages,40,6,240,Unknown,Mrs.,Evening,2022,12,Friday,December
928,2022-04-07,Sandwich,Fastfood,60,11,660,Online,Mr.,Evening,2022,4,Thursday,April
929,2022-06-06,Frankie,Fastfood,50,9,450,Online,Mrs.,Night,2022,6,Monday,June
930,2022-11-27,Sugarcane juice,Beverages,25,10,250,Online,Mr.,Night,2022,11,Sunday,November
931,2022-06-26,Aalopuri,Fastfood,20,15,300,Cash,Mr.,Afternoon,2022,6,Sunday,June
932,2022-10-18,Sandwich,Fastfood,60,9,540,Online,Mr.,Afternoon,2022,10,Tuesday,October
933,2023-01-21,Sugarcane juice,Beverages,25,15,375,Online,Mrs.,Afternoon,2023,1,Saturday,January
934,2022-09-19,Cold coffee,Beverages,40,4,160,Cash,Mrs.,Afternoon,2022,9,Monday,September
935,2023-02-17,Sandwich,Fastfood,60,12,720,Cash,Mr.,Midnight,2023,2,Friday,February
936,2022-08-10,Panipuri,Fastfood,20,2,40,Unknown,Mr.,Midnight,2022,8,Wednesday,August
937,2022-06-22,Panipuri,Fastfood,20,4,80,Cash,Mr.,Night,2022,6,Wednesday,June
938,2022-08-10,Sugarcane juice,Beverages,25,14,350,Cash,Mr.,Evening,2022,8,Wednesday,August
939,2023-02-19,Vadapav,Fastfood,20,15,300,Online,Mr.,Midnight,2023,2,Sunday,February
940,2023-02-07,Sugarcane juice,Beverages,25,14,350,Online,Mrs.,Midnight,2023,2,Tuesday,February
941,2023-02-10,Cold coffee,Beverages,40,10,400,Online,Mrs.,Morning,2023,2,Friday,February
942,2022-07-20,Frankie,Fastfood,50,6,300,Cash,Mr.,Night,2022,7,Wednesday,July
943,2022-06-30,Vadapav,Fastfood,20,6,120,Cash,Mrs.,Night,2022,6,Thursday,June
944,2022-05-12,Aalopuri,Fastfood,20,2,40,Cash,Mr.,Midnight,2022,5,Thursday,May
945,2022-05-15,Cold coffee,Beverages,40,2,80,Online,Mrs.,Afternoon,2022,5,Sunday,May
946,2023-02-21,Sandwich,Fastfood,60,8,480,Cash,Mr.,Midnight,2023,2,Tuesday,February
947,2022-08-16,Aalopuri,Fastfood,20,11,220,Online,Mr.,Night,2022,8,Tuesday,August
948,2023-01-16,Sandwich,Fastfood,60,10,600,Online,Mr.,Evening,2023,1,Monday,January
949,2023-01-07,Panipuri,Fastfood,20,1,20,Cash,Mrs.,Evening,2023,1,Saturday,January
950,2022-09-25,Frankie,Fastfood,50,6,300,Online,Mrs.,Evening,2022,9,Sunday,September
951,2022-11-11,Panipuri,Fastfood,20,11,220,Cash,Mrs.,Afternoon,2022,11,Friday,November
952,2022-09-24,Aalopuri,Fastfood,20,14,280,Cash,Mrs.,Evening,2022,9,Saturday,September
953,2022-11-10,Sandwich,Fastfood,60,2,120,Online,Mrs.,Afternoon,2022,11,Thursday,November
954,2023-01-31,Aalopuri,Fastfood,20,3,60,Cash,Mrs.,Midnight,2023,1,Tuesday,January
955,2023-01-27,Sugarcane juice,Beverages,25,7,175,Online,Mr.,Afternoon,2023,1,Friday,January
956,2022-04-30,Frankie,Fastfood,50,13,650,Online,Mr.,Morning,2022,4,Saturday,April
957,2023-02-08,Panipuri,Fastfood,20,3,60,Online,Mrs.,Midnight,2023,2,Wednesday,February
958,2022-05-22,Sandwich,Fastfood,60,11,660,Online,Mrs.,Night,2022,5,Sunday,May
959,2022-11-28,Vadapav,Fastfood,20,8,160,Online,Mrs.,Midnight,2022,11,Monday,November
960,2022-08-12,Sugarcane juice,Beverages,25,15,375,Online,Mrs.,Evening,2022,8,Friday,August
961,2023-03-14,Frankie,Fastfood,50,13,650,Cash,Mr.,Night,2023,3,Tuesday,March
962,2022-05-18,Frankie,Fastfood,50,13,650,Online,Mrs.,Afternoon,2022,5,Wednesday,May
963,2022-10-05,Vadapav,Fastfood,20,6,120,Cash,Mrs.,Morning,2022,10,Wednesday,October
964,2022-05-07,Cold coffee,Beverages,40,8,320,Cash,Mr.,Evening,2022,5,Saturday,May
965,2022-10-08,Frankie,Fastfood,50,5,250,Online,Mrs.,Night,2022,10,Saturday,October
966,2023-03-19,Panipuri,Fastfood,20,11,220,Online,Mrs.,Morning,2023,3,Sunday,March
967,2022-06-29,Cold coffee,Beverages,40,14,560,Cash,Mr.,Afternoon,2022,6,Wednesday,June
968,2022-08-09,Cold coffee,Beverages,40,15,600,Cash,Mrs.,Morning,2022,8,Tuesday,August
969,2022-11-06,Cold coffee,Beverages,40,11,440,Cash,Mr.,Morning,2022,11,Sunday,November
970,2022-11-21,Aalopuri,Fastfood,20,5,100,Online,Mrs.,Afternoon,2022,11,Monday,November
971,2022-10-02,Frankie,Fastfood,50,2,100,Cash,Mrs.,Morning,2022,10,Sunday,October
972,2023-03-11,Aalopuri,Fastfood,20,1,20,Cash,Mrs.,Afternoon,2023,3,Saturday,March
973,2022-06-07,Sugarcane juice,Beverages,25,1,25,Unknown,Mrs.,Morning,2022,6,Tuesday,June
974,2023-01-28,Vadapav,Fastfood,20,13,260,Online,Mr.,Afternoon,2023,1,Saturday,January
975,2023-01-15,Aalopuri,Fastfood,20,1,20,Cash,Mr.,Midnight,2023,1,Sunday,January
976,2022-04-17,Sugarcane juice,Beverages,25,11,275,Unknown,Mrs.,Morning,2022,4,Sunday,April
977,2023-01-05,Aalopuri,Fastfood,20,1,20,Cash,Mr.,Evening,2023,1,Thursday,January
978,2022-10-08,Frankie,Fastfood,50,2,100,Online,Mr.,Night,2022,10,Saturday,October
979,2022-05-21,Aalopuri,Fastfood,20,13,260,Cash,Mrs.,Midnight,2022,5,Saturday,May
980,2022-06-20,Vadapav,Fastfood,20,9,180,Online,Mr.,Morning,2022,6,Monday,June
981,2023-01-22,Panipuri,Fastfood,20,15,300,Online,Mr.,Midnight,2023,1,Sunday,January
982,2023-03-30,Sugarcane juice,Beverages,25,14,350,Cash,Mrs.,Night,2023,3,Thursday,March
983,2023-03-17,Cold coffee,Beverages,40,10,400,Unknown,Mrs.,Night,2023,3,Friday,March
984,2023-01-07,Frankie,Fastfood,50,3,150,Cash,Mr.,Afternoon,2023,1,Saturday,January
985,2022-06-14,Frankie,Fastfood,50,1,50,Cash,Mrs.,Afternoon,2022,6,Tuesday,June
986,2022-04-30,Sugarcane juice,Beverages,25,13,325,Online,Mr.,Night,2022,4,Saturday,April
987,2023-01-04,Vadapav,Fastfood,20,3,60,Cash,Mrs.,Evening,2023,1,Wednesday,January
988,2023-01-03,Frankie,Fastfood,50,13,650,Unknown,Mrs.,Night,2023,1,Tuesday,January
989,2022-10-11,Cold coffee,Beverages,40,13,520,Cash,Mr.,Afternoon,2022,10,Tuesday,October
990,2022-11-24,Vadapav,Fastfood,20,10,200,Online,Mrs.,Morning,2022,11,Thursday,November
991,2023-01-18,Sandwich,Fastfood,60,7,420,Cash,Mrs.,Night,2023,1,Wednesday,January
992,2022-10-21,Sandwich,Fastfood,60,5,300,Cash,Mr.,Morning,2022,10,Friday,October
993,2022-07-17,Frankie,Fastfood,50,3,150,Online,Mrs.,Night,2022,7,Sunday,July
994,2022-11-01,Panipuri,Fastfood,20,2,40,Online,Mrs.,Evening,2022,11,Tuesday,November
995,2022-06-18,Sugarcane juice,Beverages,25,1,25,Online,Mr.,Night,2022,6,Saturday,June
996,2023-03-19,Frankie,Fastfood,50,10,500,Unknown,Mrs.,Evening,2023,3,Sunday,March
997,2022-09-20,Sandwich,Fastfood,60,7,420,Unknown,Mr.,Evening,2022,9,Tuesday,September
998,2023-01-26,Sandwich,Fastfood,60,13,780,Unknown,Mr.,Evening,2023,1,Thursday,January
999,2022-08-27,Panipuri,Fastfood,20,5,100,Unknown,Mrs.,Afternoon,2022,8,Saturday,August
1000,2022-05-29,Aalopuri,Fastfood,20,3,60,Online,Mrs.,Midnight,2022,5,Sunday,May
